:020000040800F2
:10000000B05B00249D030008E1CD000831C5000865
:10001000D9CD0008D10600083133010800000000E6
:10002000000000000000000000000000A1D5000852
:10003000B112000800000000F9D1000839D600080C
:10004000B7030008B7030008B7030008B7030008A8
:10005000B7030008B7030008B7030008B703000898
:10006000B7030008B7030008B7030008B703000888
:10007000E1070008F107000801080008110800085E
:10008000B7030008B7030008B7030008F11200081F
:100090001113000801130008B7030008B703000894
:1000A000B7030008B7030008B7030008B703000848
:1000B000B7030008B703000851D80008B7030008C9
:1000C000B7030008B7030008B7030008B703000828
:1000D000B703000829F90008B7030008B7030008B0
:1000E000B9120008B703000800000000B7030008B9
:1000F000B7030008B7030008B7030008B7030008F8
:10010000B7030008B703000861D80008B703000868
:10011000B703000809E30008B7030008B7030008A5
:1001200021080008B7030008B7030008B703000858
:10013000B7030008B7030008B7030008B7030008B7
:1001400000000000000000000000000000000000AF
:10015000B7030008B7030008B7030008B703000897
:10016000B7030008B7030008B7030008B703000887
:10017000B703000859CE0008B703000800000000CC
:10018000B7030008B7030008B7030008B703000867
:10019000B7030008B7030008B7030008B703000857
:1001A000B7030008B7030008B70300080000000009
:1001B000B7030008B7030008B7030008B703000837
:1001C000B7030008B70300080000000000000000AB
:1001D0000000000000000000B7030008000000005D
:1001E000000000000000000000000000000000000F
:1001F0000000000000000000B7030008B70300087B
:10020000B7030008B703000800000000B7030008A8
:10021000B7030008B7030008B7030008B7030008D6
:10022000B703000800000000B7030008000000004A
:10023000B7030008B703000800000000B703000878
:10024000B7030008B7030008B7030008B7030008A6
:10025000B7030008B7030008B7030008B703000896
:10026000B7030008B7030008B7030008B703000886
:10027000B7030008B7030008B70300080000000038
:10028000B7030008B7030008B7030008B703000866
:1002900000000000B7030008B703000800000000DA
:1002A00000000000B7030008B7030008B703000808
:1002B00019F90008B7030008B70300082113000864
:1002C000B7030008B7030008B703000800F002F8FE
:1002D00000F054F814A696E8000CB244B344DA4592
:1002E00001D100F04BF8BAE80F000FA696E83000F5
:1002F000A5EB040504EB0607AAEB0704A7F1010729
:100300004FEA15154FEA3414A4F10104AC4201D3AD
:1003100000F034F813F0010F18BFFB1A43F001038B
:1003200000F001F8DBE71847FC7501001C760100BE
:10033000103A24BF78C878C1FAD8520724BF30C811
:1003400030C144BF04680C60704700007047000073
:100350000023002400250026103A28BF78C1FBD8CE
:10036000520728BF30C148BF0B6070471FB516F059
:100370005AFE00F04DF91FBD10B510BD00F072F926
:100380001146FFF7F3FF16F00BFE00F090F903B4EF
:10039000FFF7F2FF03BC00F093F900000948804723
:1003A00009480047FEE7FEE7FEE7FEE7FEE7FEE757
:1003B000FEE7FEE7FEE7FEE704480549054A064B6F
:1003C0007047000011D70008CD020008B0370024A4
:1003D000B05B0024B03B0024B03B002453EA020C85
:1003E00000F069802DE9F04B4FF00006002B1FBF95
:1003F000B3FA83F503FA05F424FA05F65E4012BF5A
:100400001643B2FA82F502FA05F4C5F120051EBFC3
:1004100022FA05FC44EA0C04203556EA044C4FEA63
:10042000144418BF641C4FF000084FF000099042BC
:1004300071EB030C39D3002919BFB1FA81F701FA26
:1004400007F6B0FA80F700FA07F6C7F120071EBFDB
:1004500020FA07FC46EA0C062037B6FBF4FCA7EBB3
:100460000507103F07F01F0BCBF120062CFA06F60C
:100470000CFA0BFB44BFB3460026202FA4BF5E46F8
:100480004FF0000B5BEA060C08BF4FF0010B19EBB5
:100490000B0948EB0608ABFB027C06FB02CC0BFB0E
:1004A00003CCC01B71EB0C01C1E70B460246414671
:1004B0004846BDE8F08B13B5084318BF4FF0FF3036
:1004C0000146AFF30080BDE81C407047032A40F2AC
:1004D000308010F0030C00F0158011F8013BBCF1E6
:1004E000020F624498BF11F801CB00F8013B38BFFE
:1004F00011F8013BA2F1040298BF00F801CB38BF0C
:1005000000F8013B11F0030300F02580083AC0F029
:10051000088051F8043B083A51F804CBA0E80810D1
:10052000F5E7121D5CBF51F8043B40F8043BAFF304
:100530000080D20724BF11F8013B11F801CB48BF5E
:1005400011F8012B24BF00F8013B00F801CB48BF94
:1005500000F8012B704710B5203AC0F00B80B1E8CD
:100560001850A0E81850B1E81850A0E81850203AE8
:10057000BFF4F5AF5FEA027C24BFB1E81850A0E8F1
:10058000185044BF18C918C0BDE810405FEA827C0B
:1005900024BF51F8043B40F8043B08BF7047D20722
:1005A00028BF31F8023B48BF11F8012B28BF20F8C3
:1005B000023B48BF00F8012B70474FF0000200B526
:1005C000134694469646203922BFA0E80C50A0E876
:1005D0000C50B1F12001BFF4F7AF090728BFA0E824
:1005E0000C5048BF0CC05DF804EB890028BF40F8F0
:1005F000042B08BF704748BF20F8022B11F0804F32
:1006000018BF00F8012B7047704770477047000013
:1006100008487CB57844009007487844009C05461B
:10062000019004E02046016808448047241DAC4244
:10063000F8D17CBD2C7301002A73010010B500F0C5
:1006400009F8006810BD10B5044600F003F8046016
:1006500010BD0000004870470001002400487047AA
:10066000000100247546FFF7F9FFAE460500694614
:10067000534620F00700854618B020B5FFF79CFED2
:10068000BDE820404FF000064FF000074FF0000893
:100690004FF0000BAC46ACE8C009ACE8C009ACE8D0
:1006A000C009ACE8C00921F007018D46704710B5BC
:1006B0000446AFF300802046BDE81040FFF767BE58
:1006C00001491820ABBEFEE726000200704700007B
:1006D000FFE7FEE70000000084B08DF80F000291F4
:1006E000ADF806209DF80F000146009123281DD883
:1006F0000099DFE801F012131415161B1B1B1B1BBE
:100700001B1B1B1B1B1B1B1B1B1B1B1B1B1B1B1B39
:100710001B1B1B1B1B1B1718191A08E007E006E020
:1007200005E004E003E002E001E000E0FFE7002074
:1007300004B0704700000000002070470000000077
:1007400080B582B042F6C000C2F20040009041F68F
:100750003C21C2F20041002201920FF095FC00986A
:1007600041F23C21C2F200410FF06EFC019802B050
:1007700080BD00000000000080B584B003900291AD
:10078000039942F6C000C2F2004000900FF05CFCFA
:1007900000980FF0FDFB03990298026841F2D41013
:1007A000C2F200400190FFF791FE0198426E03985B
:1007B000029909689047019902980068A1F86000C1
:1007C000002004B080BD000083B0029001918DF83C
:1007D000032000208DF802009DF9020003B070474D
:1007E00080B542F60450C2F2004001F0ADFF80BD7A
:1007F00080B542F67C50C2F2004001F0A5FF80BDFA
:1008000080B542F61440C2F2004001F09DFF80BD69
:1008100080B542F68C40C2F2004001F095FF80BDE9
:1008200080B542F69C30C2F2004001F08DFF80BDE1
:1008300083B002900298016801201022C4F20202E3
:100840009142009000F0A380FFE702980168012028
:100850002822C4F202029142009000F09880FFE743
:100860000298016801204022C4F2020291420090E5
:1008700000F08D80FFE70298016801205822C4F241
:1008800002029142009000F08280FFE70298016826
:1008900001207022C4F202029142009077D0FFE75B
:1008A0000298016801208822C4F20202914200905D
:1008B0006DD0FFE7029801680120A022C4F2020275
:1008C0009142009063D0FFE7029801680120B822AE
:1008D000C4F202029142009059D0FFE702980168E9
:1008E000012040F21042C4F20202914200904ED028
:1008F000FFE702980168012040F22842C4F2020298
:100900009142009043D0FFE702980168012040F235
:100910004042C4F202029142009038D0FFE70298B0
:100920000168012040F25842C4F202029142009054
:100930002DD0FFE702980168012040F27042C4F216
:1009400002029142009022D0FFE702980168012044
:1009500040F28842C4F202029142009017D0FFE7B1
:1009600002980168012040F2A042C4F202029142C2
:1009700000900CD0FFE7029800684FF64831CBF6A4
:10098000FD710844B0FA80F040090090FFE700983C
:10099000C00740B3FFE70298007810384AF6AB2151
:1009A000CAF6AA21A0FB011000090190019800F0ED
:1009B000070147F2AC00C0F60100405C0299C8652F
:1009C0000198042807D3FFE702990868042262F31C
:1009D0000900886506E00299086840F2FF329043FA
:1009E0008865FFE705E00299086820F0FF00886548
:1009F000FFE70298806D03B0704700000000000020
:100A000084B0039003980068019003980168012066
:100A100045F20842C5F60202914200904ED0FFE72F
:100A200003980168012045F21C42C5F6020291427A
:100A3000009043D0FFE703980168012045F230425F
:100A4000C5F602029142009038D0FFE70398016892
:100A5000012045F24442C5F60202914200902DD099
:100A6000FFE703980168012045F25842C5F60202EB
:100A70009142009022D0FFE703980168012045F2DF
:100A80006C42C5F602029142009017D0FFE703982E
:100A90000168012045F28042C5F6020291420090B1
:100AA0000CD0FFE7039800684AF66C31CAF2FD717A
:100AB0000844B0FA80F040090090FFE70098C007B2
:100AC00010B3FFE70398007808384CF6CD41CCF618
:100AD000CC41A0FB011000090290029945F60000EC
:100AE000C5F6020000EB810003990866039945F6FC
:100AF0008000C5F602004866029800F01F01012040
:100B000088400399886635E00398007810384AF6E3
:100B1000AB21CAF6AA21A0FB01100009029001989E
:100B200040F2B841C4F2020188420CD8FFE70198B4
:100B300040F21041C4F20201884204D3FFE7029858
:100B400008300290FFE7029940F60000C4F202006C
:100B500000EB810003990866039940F68000C4F217
:100B600002004866029800F01F01012088400399A6
:100B70008866FFE704B0704783B00290029800795E
:100B800001900198002800F08A80FFE7019808286A
:100B900000F28580FFE702980168012045F20842D3
:100BA000C5F60202914200904ED0FFE7029801681C
:100BB000012045F21C42C5F602029142009043D04A
:100BC000FFE702980168012045F23042C5F60202B3
:100BD0009142009038D0FFE702980168012045F269
:100BE0004442C5F60202914200902DD0FFE70298E0
:100BF0000168012045F25842C5F602029142009078
:100C000022D0FFE702980168012045F26C42C5F648
:100C100002029142009017D0FFE70298016801207C
:100C200045F28042C5F60202914200900CD0FFE7E7
:100C3000029800684AF66C31CAF2FD710844B0FAB5
:100C400080F040090090FFE70098C00780B1FFE7FF
:100C5000019945F6FC00C5F6020000EB81000299FF
:100C6000C866029945F64010C5F6020008670FE015
:100C7000019940F6FC00C4F2020000EB81000299E9
:100C8000C866029940F64010C4F202000867FFE708
:100C90000198411E0120884002994867FFE703B090
:100CA000704700000000000085B0049000208DF81F
:100CB0000F000498806918BBFFE70498806A0290CF
:100CC00003281BD80299DFE801F0020D02180498EE
:100CD00090F82F00C00720B1FFE701208DF80F002A
:100CE000FFE70CE00498C06AB0F1C07F04D1FFE7D1
:100CF00001208DF80F00FFE701E000E0FFE747E08B
:100D000004988069B0F5005F26D1FFE70498806AF7
:100D1000019003281ED80199DFE801F002060211B4
:100D200001208DF80F0016E0049890F82F00C007FE
:100D300020B1FFE701208DF80F00FFE70BE00498DA
:100D4000C06AB0F1C07F04D1FFE701208DF80F0029
:100D5000FFE700E0FFE71AE00498806A00900328AC
:100D600004D3FFE70098032804D00EE001208DF89B
:100D70000F000BE0049890F82F00C00720B1FFE7A8
:100D800001208DF80F00FFE700E0FFE7FFE7FFE736
:100D90009DF80F0005B0704789B008900791069242
:100DA00005930898806D04900898806D03900898CA
:100DB000016801201022C4F202029142029000F068
:100DC0000381FFE70898016801202822C4F202028B
:100DD0009142029000F0F880FFE708980168012036
:100DE0004022C4F202029142029000F0ED80FFE73F
:100DF0000898016801205822C4F202029142029030
:100E000000F0E280FFE70898016801207022C4F238
:100E100002029142029000F0D780FFE70898016833
:100E200001208822C4F202029142029000F0CC809C
:100E3000FFE7089801680120A022C4F20202914253
:100E4000029000F0C180FFE7089801680120B822F5
:100E5000C4F202029142029000F0B680FFE70898C7
:100E60000168012040F21042C4F202029142029055
:100E700000F0AA80FFE708980168012040F22842AC
:100E8000C4F202029142029000F09E80FFE70898AF
:100E90000168012040F24042C4F2020291420290F5
:100EA00000F09280FFE708980168012040F2584264
:100EB000C4F202029142029000F08680FFE7089897
:100EC0000168012040F27042C4F202029142029095
:100ED0007AD0FFE708980168012040F28842C4F206
:100EE0000202914202906FD0FFE70898016801204A
:100EF00040F2A042C4F202029142029064D0FFE7A5
:100F000008980168012040F2B842C4F202029142FE
:100F1000029059D0FFE708980168012045F2084285
:100F2000C5F60202914202904ED0FFE70898016890
:100F3000012045F21C42C5F602029142029043D0C4
:100F4000FFE708980168012045F23042C5F6020229
:100F50009142029038D0FFE708980168012045F2DD
:100F60004442C5F60202914202902DD0FFE7089854
:100F70000168012045F25842C5F6020291420290F2
:100F800022D0FFE708980168012045F26C42C5F6BF
:100F900002029142029017D0FFE7089801680120F1
:100FA00045F28042C5F60202914202900CD0FFE762
:100FB000089800684AF66C31CAF2FD710844B0FA2C
:100FC00080F040090290FFE70298C00770B1FFE788
:100FD0000898416E806E48600898C06E28B1FFE79F
:100FE0000898016F406F4860FFE7FFE708980168C5
:100FF00001201022C4F202029142019000F0A3806D
:10100000FFE70898016801202822C4F202029142F9
:10101000019000F09880FFE70898016801204022C5
:10102000C4F202029142019000F08D80FFE708981F
:10103000016801205822C4F202029142019000F09E
:101040008280FFE70898016801207022C4F2020242
:101050009142019077D0FFE708980168012088222B
:10106000C4F20202914201906DD0FFE70898016836
:101070000120A022C4F202029142019063D0FFE756
:10108000089801680120B822C4F20202914201903E
:1010900059D0FFE708980168012040F21042C4F2DD
:1010A0000202914201904ED0FFE7089801680120AA
:1010B00040F22842C4F202029142019043D0FFE77D
:1010C00008980168012040F24042C4F202029142B5
:1010D000019038D0FFE708980168012040F258429B
:1010E000C4F20202914201902DD0FFE708980168F6
:1010F000012040F27042C4F202029142019022D0DB
:10110000FFE708980168012040F28842C4F2020219
:101110009142019017D0FFE708980168012040F242
:10112000A042C4F20202914201900CD0FFE708985D
:1011300000684FF64831CBF6FD710844B0FA80F0F4
:1011400040090190FFE70198C00750B3FFE70898F6
:10115000C06D00F01F013F20884004998860089806
:101160000168086820F480200860059808990968DB
:10117000486008988068402809D1FFE706980899D8
:1011800009688860079808990968C86008E00798A6
:10119000089909688860069808990968C860FFE797
:1011A00082E008980168012045F20842C5F6020273
:1011B000914200904ED0FFE708980168012045F267
:1011C0001C42C5F602029142009043D0FFE7089806
:1011D0000168012045F23042C5F6020291420090BA
:1011E00038D0FFE708980168012045F24442C5F66F
:1011F0000202914200902DD0FFE70898016801207B
:1012000045F25842C5F602029142009022D0FFE713
:1012100008980168012045F26C42C5F6020291422D
:10122000009017D0FFE708980168012045F280423E
:10123000C5F60202914200900CD0FFE708980068C2
:101240004AF66C31CAF2FD710844B0FA80F04009E8
:101250000090FFE70098C00720B3FFE70898C06D33
:1012600000F01F0101208840039948600598089903
:101270000968486008988068402809D1FFE7069807
:10128000089909688860079808990968C86008E0A3
:101290000798089909688860069808990968C860DD
:1012A000FFE700E0FFE7FFE709B07047000000003C
:1012B000704700000000000080B54FF4806004F02B
:1012C00027FE4FF4006004F023FE4FF4805004F03A
:1012D0001FFE4FF4804004F01BFE80BD00000000A4
:1012E00081B0EFF3108072B60090FFE7FEE70000D8
:1012F00080B542F6F450C2F2004003F095FE80BD86
:1013000080B542F6F450C2F2004003F08DFE80BD7D
:1013100080B542F69460C2F2004003F085FE80BDC5
:1013200080B542F63470C2F2004003F07DFE80BD0D
:1013300084B002900298406B009002980068D0F848
:1013400084004FF6FC718843009940EA81000299BD
:101350000968C1F8840002980068D0F8840020F47D
:101360007F00029A1168926B40EA0240C1F8840043
:101370000298816B00980844009002980068D0F8A9
:1013800088006FF38F00009940EA81000299096894
:10139000C1F8880002980068D0F8880020F4FE00A8
:1013A000029A1168D26B40EA0240C1F888000298A4
:1013B000C16B009800EB4100009002980068D0F8E3
:1013C000A0006FF38F00009940EA8100029909683C
:1013D000C1F8A00002980068D0F8A00020F4FE0038
:1013E000029A1168126C40EA0240C1F8A00002990A
:1013F000086C496C009A00FB01200090029800687C
:10140000D0F8B0006FF38F00009940EA8100029994
:101410000968C1F8B00002980068D0F8B00020F464
:10142000FE00029A1168926C40EA0240C1F8B000D6
:101430000299886CC96C009A00FB01200090029808
:101440000068D0F8AC006FF38F00009940EA81008B
:1014500002990968C1F8AC000299086D496D009ABB
:1014600000FB0120009002980068D0F8F0006FF3B4
:101470008F00009940EA810002990968C1F8F000E4
:1014800002980068D0F8F00020F47C10029A1168ED
:10149000926D40EA0240C1F8F0000298816D009818
:1014A00000EB4100009002980068D0F8C0006FF394
:1014B0008F00009940EA810002990968C1F8C000D4
:1014C00002980068D0F8C00020F47C10029A1168DD
:1014D000D26D40EA0240C1F8C00002980068D0F81E
:1014E000C00020F07C50029A1168126E40EA02603F
:1014F000C1F8C00002994A6B4AF60040C4F20000ED
:1015000000EB8200C86602998A6BC86E00EB82000D
:1015100008670299CA6B086F00EBC200486702991E
:101520000A6C4B6C486F5A4300EB82008867029943
:101530008A6CCB6C886F5A4300EB8200C8670299B3
:101540000A6D4B6DC86F5A4300EB8200C1F88000F2
:1015500002998A6DD1F8800000EBC200C1F88400C6
:101560000299CA6D8B6ED1F884005A4300EB820059
:10157000C1F8880002990A6E8B6ED1F888005A4330
:1015800000EB8200C1F890000298D0F890004DF274
:10159000FD31C4F2000188420FD3FFE70299D1F870
:1015A0009C0040F02000C1F89C000299032081F8C3
:1015B000980001208DF80F0017E00298C06E01908E
:1015C000FFE701980299D1F89010884208D2FFE70E
:1015D000019900200860FFE7019804300190F0E7CE
:1015E000FFE700208DF80F00FFE79DF80F0004B023
:1015F000704700000000000088B007900691059237
:1016000004930698406848B9FFE706980168826825
:101610000069104340EA8140039009E006980168A0
:10162000826800691043084340F080400390FFE760
:101630000698D0F820C0C16842698369C06940EA51
:101640000C601843104340EA014002900798826EF4
:10165000D0F884000499514300EB81000190039875
:10166000019908600198043001900298019908607E
:1016700001980430019000200090FFE7009806993F
:10168000CA6847F29C01C0F60101895C88420DD20C
:10169000FFE70598009940580199086001980430C7
:1016A0000190FFE7009804300090E7E708B070472A
:1016B00080B584B04EF60000C1F6F170006803906A
:1016C0004EF60400C1F6F170006802904EF6080074
:1016D000C1F6F170006801900199039808440390E5
:1016E000039888B1FFE7039840F2E001C2F200419D
:1016F0000091023108220AF01FFF0099029812316E
:1017000004220AF019FFFFE704B080BD00000000CA
:1017100080B58AB0089004F003FE0490089828B9B8
:10172000FFE701208DF8270000F0AABC089890F888
:10173000350002280ED0FFE7089980204865FFE7B2
:101740000899002081F83400FFE701208DF8270078
:1017500000F096BC0898016801201022C4F2020231
:101760009142039000F0A380FFE7089801680120F0
:101770002822C4F202029142039000F09880FFE711
:101780000898016801204022C4F2020291420390AD
:1017900000F08D80FFE70898016801205822C4F20C
:1017A00002029142039000F08280FFE708980168EE
:1017B00001207022C4F202029142039077D0FFE729
:1017C0000898016801208822C4F202029142039025
:1017D0006DD0FFE7089801680120A022C4F2020240
:1017E0009142039063D0FFE7089801680120B82276
:1017F000C4F202029142039059D0FFE708980168B1
:10180000012040F21042C4F20202914203904ED0F5
:10181000FFE708980168012040F22842C4F2020262
:101820009142039043D0FFE708980168012040F2FD
:101830004042C4F202029142039038D0FFE7089878
:101840000168012040F25842C4F202029142039022
:101850002DD0FFE708980168012040F27042C4F2E1
:1018600002029142039022D0FFE70898016801200C
:1018700040F28842C4F202029142039017D0FFE77F
:1018800008980168012040F2A042C4F2020291428D
:1018900003900CD0FFE7089800684FF64831CBF66C
:1018A000FD710844B0FA80F040090390FFE7039807
:1018B000C00780B1FFE708980168086820F01E00A3
:1018C000086008980168486920F08000486108981D
:1018D0000068059009E008980168086820F00E008B
:1018E0000860089800680590FFE7089801680120E3
:1018F0001022C4F202029142029000F00381FFE73D
:101900000898016801202822C4F202029142029044
:1019100000F0F880FFE70898016801204022C4F237
:1019200002029142029000F0ED80FFE70898016802
:1019300001205822C4F202029142029000F0E2809B
:10194000FFE70898016801207022C4F20202914268
:10195000029000F0D780FFE70898016801208822F4
:10196000C4F202029142029000F0CC80FFE7089896
:1019700001680120A022C4F202029142029000F00C
:10198000C180FFE7089801680120B822C4F2020272
:101990009142029000F0B680FFE7089801680120AC
:1019A00040F21042C4F202029142029000F0AA807A
:1019B000FFE708980168012040F22842C4F20202C1
:1019C0009142029000F09E80FFE708980168012094
:1019D00040F24042C4F202029142029000F0928032
:1019E000FFE708980168012040F25842C4F2020261
:1019F0009142029000F08680FFE70898016801207C
:101A000040F27042C4F20202914202907AD0FFE7A3
:101A100008980168012040F28842C4F20202914213
:101A200002906FD0FFE708980168012040F2A042C1
:101A3000C4F202029142029064D0FFE70898016864
:101A4000012040F2B842C4F202029142029059D001
:101A5000FFE708980168012045F20842C5F6020236
:101A6000914202904ED0FFE708980168012045F2AC
:101A70001C42C5F602029142029043D0FFE708984B
:101A80000168012045F23042C5F6020291420290FF
:101A900038D0FFE708980168012045F24442C5F6B6
:101AA0000202914202902DD0FFE7089801680120C0
:101AB00045F25842C5F602029142029022D0FFE759
:101AC00008980168012045F26C42C5F60202914275
:101AD000029017D0FFE708980168012045F2804284
:101AE000C5F60202914202900CD0FFE70898006808
:101AF0004AF66C31CAF2FD710844B0FA80F0400930
:101B00000290FFE70298C00738B1FFE70898016E1E
:101B1000086820F480700860FFE7089800681021CA
:101B2000C4F20201884200F08180FFE70898006853
:101B30002821C4F20201884278D0FFE708980068A3
:101B40004021C4F20201884270D0FFE70898006883
:101B50005821C4F20201884268D0FFE70898006863
:101B60007021C4F20201884260D0FFE70898006843
:101B70008821C4F20201884258D0FFE70898006823
:101B8000A021C4F20201884250D0FFE70898006803
:101B9000B821C4F20201884248D0FFE708980068E3
:101BA00040F21041C4F2020188423FD0FFE708989A
:101BB000006840F22841C4F20201884236D0FFE7B3
:101BC0000898006840F24041C4F2020188422DD0DA
:101BD000FFE70898006840F25841C4F202018842C9
:101BE00024D0FFE70898006840F27041C4F2020177
:101BF00088421BD0FFE70898006840F28841C4F291
:101C00000201884212D0FFE70898006840F2A04124
:101C1000C4F20201884209D0FFE70898006840F248
:101C2000B841C4F20201884207D1FFE70898016871
:101C3000086820F00100086006E00898016808685C
:101C400020F001000860FFE7FFE705980068C00783
:101C5000C8B1FFE704F064FB0499401A062811D3C9
:101C6000FFE70899202048650899032081F835008E
:101C7000FFE70899002081F83400FFE701208DF884
:101C80002700FDE1E1E70898016801201022C4F275
:101C900002029142019000F0A380FFE708980168DA
:101CA00001202822C4F202029142019000F09880A3
:101CB000FFE70898016801204022C4F20202914225
:101CC000019000F08D80FFE70898016801205822FC
:101CD000C4F202029142019000F08280FFE708986E
:101CE000016801207022C4F202029142019077D073
:101CF000FFE70898016801208822C4F2020291429D
:101D000001906DD0FFE7089801680120A022C4F27D
:101D100002029142019063D0FFE708980168012018
:101D2000B822C4F202029142019059D0FFE708980C
:101D30000168012040F21042C4F202029142019077
:101D40004ED0FFE708980168012040F22842C4F213
:101D500002029142019043D0FFE7089801680120F8
:101D600040F24042C4F202029142019038D0FFE7B3
:101D700008980168012040F25842C4F202029142E0
:101D800001902DD0FFE708980168012040F27042D1
:101D9000C4F202029142019022D0FFE70898016844
:101DA000012040F28842C4F202029142019017D011
:101DB000FFE708980168012040F2A042C4F2020245
:101DC000914201900CD0FFE7089800684FF6483127
:101DD000CBF6FD710844B0FA80F040090190FFE7AE
:101DE0000198C00760B1FFE70898806D07900898D8
:101DF000C06D00F01F013F208840079988600BE00C
:101E00000898806D06900898C06D00F01F010120B1
:101E1000884006994860FFE7089801680120102271
:101E2000C4F202029142009000F00381FFE708989B
:101E3000016801202822C4F202029142009000F0C1
:101E4000F880FFE70898016801204022C4F20202EE
:101E50009142009000F0ED80FFE7089801680120B2
:101E60005822C4F202029142009000F0E280FFE7A3
:101E70000898016801207022C4F202029142009089
:101E800000F0D780FFE70898016801208822C4F29B
:101E900002029142009000F0CC80FFE708980168B0
:101EA0000120A022C4F202029142009000F0C18001
:101EB000FFE7089801680120B822C4F202029142AB
:101EC000009000F0B680FFE708980168012040F21A
:101ED0001042C4F202029142009000F0AA80FFE793
:101EE00008980168012040F22842C4F2020291429F
:101EF000009000F09E80FFE708980168012040F202
:101F00004042C4F202029142009000F09280FFE74A
:101F100008980168012040F25842C4F2020291423E
:101F2000009000F08680FFE708980168012040F2E9
:101F30007042C4F20202914200907AD0FFE7089802
:101F40000168012040F28842C4F2020291420090EE
:101F50006FD0FFE708980168012040F2A042C4F268
:101F600002029142009064D0FFE7089801680120C6
:101F700040F2B842C4F202029142009059D0FFE709
:101F800008980168012045F20842C5F60202914214
:101F900000904ED0FFE708980168012045F21C42EE
:101FA000C5F602029142009043D0FFE7089801680D
:101FB000012045F23042C5F602029142009038D02D
:101FC000FFE708980168012045F24442C5F6020285
:101FD000914200902DD0FFE708980168012045F25A
:101FE0005842C5F602029142009022D0FFE70898BD
:101FF0000168012045F26C42C5F602029142009050
:1020000017D0FFE708980168012045F28042C5F625
:102010000202914200900CD0FFE7089800684AF64F
:102020006C31CAF2FD710844B0FA80F040090090AA
:10203000FFE70098C007A0B1FFE70898416E806EE7
:1020400048600898C06E58B1FFE70898C16E0868EC
:1020500020F4807008600898016F406F4860FFE7C7
:10206000FFE70899012081F83500FFE70899002073
:1020700081F83400FFE7FFE700208DF82700FFE735
:102080009DF827000AB080BD80B586B00490049802
:1020900020B9FFE701208DF8170046E3049890F877
:1020A0003500022807D0FFE7049980204865012009
:1020B0008DF8170039E30498016801201022C4F25A
:1020C00002029142029000F0A380FFE704980168A9
:1020D00001202822C4F202029142029000F098806E
:1020E000FFE70498016801204022C4F202029142F5
:1020F000029000F08D80FFE70498016801205822CB
:10210000C4F202029142029000F08280FFE704983C
:10211000016801207022C4F202029142029077D03D
:10212000FFE70498016801208822C4F2020291426C
:1021300002906DD0FFE7049801680120A022C4F24C
:1021400002029142029063D0FFE7049801680120E7
:10215000B822C4F202029142029059D0FFE70498DB
:102160000168012040F21042C4F202029142029042
:102170004ED0FFE704980168012040F22842C4F2E3
:1021800002029142029043D0FFE7049801680120C7
:1021900040F24042C4F202029142029038D0FFE77E
:1021A00004980168012040F25842C4F202029142B0
:1021B00002902DD0FFE704980168012040F27042A0
:1021C000C4F202029142029022D0FFE70498016813
:1021D000012040F28842C4F202029142029017D0DC
:1021E000FFE704980168012040F2A042C4F2020215
:1021F000914202900CD0FFE7049800684FF64831F6
:10220000CBF6FD710844B0FA80F040090290FFE778
:102210000298C007002800F09D80FFE70499042081
:1022200081F83500049800681021C4F20201884248
:1022300000F08180FFE7049800682821C4F20201C1
:10224000884278D0FFE7049800684021C4F2020178
:10225000884270D0FFE7049800685821C4F2020158
:10226000884268D0FFE7049800687021C4F2020138
:10227000884260D0FFE7049800688821C4F2020118
:10228000884258D0FFE704980068A021C4F20201F8
:10229000884250D0FFE704980068B821C4F20201D8
:1022A000884248D0FFE70498006840F21041C4F229
:1022B000020188423FD0FFE70498006840F22841BD
:1022C000C4F20201884236D0FFE70498006840F269
:1022D0004041C4F2020188422DD0FFE70498006813
:1022E00040F25841C4F20201884224D0FFE704982A
:1022F000006840F27041C4F2020188421BD0FFE73F
:102300000498006840F28841C4F20201884212D069
:10231000FFE70498006840F2A041C4F2020188423D
:1023200009D0FFE70498006840F2B841C4F2020106
:10233000884207D1FFE704980168086820F001008F
:10234000086006E004980168086820F00100086051
:10235000FFE7E5E104980168086820F00E000860D6
:10236000049800681021C4F20201884200F08180C4
:10237000FFE7049800682821C4F20201884278D05F
:10238000FFE7049800684021C4F20201884270D03F
:10239000FFE7049800685821C4F20201884268D01F
:1023A000FFE7049800687021C4F20201884260D0FF
:1023B000FFE7049800688821C4F20201884258D0DF
:1023C000FFE704980068A021C4F20201884250D0BF
:1023D000FFE704980068B821C4F20201884248D09F
:1023E000FFE70498006840F21041C4F202018842FD
:1023F0003FD0FFE70498006840F22841C4F2020190
:10240000884236D0FFE70498006840F24041C4F2A9
:10241000020188422DD0FFE70498006840F258413D
:10242000C4F20201884224D0FFE70498006840F219
:102430007041C4F2020188421BD0FFE70498006893
:1024400040F28841C4F20201884212D0FFE70498AA
:10245000006840F2A041C4F20201884209D0FFE7BF
:102460000498006840F2B841C4F20201884207D1E2
:10247000FFE704980168086820F00100086006E0A2
:1024800004980168086820F001000860FFE70498DC
:10249000016801201022C4F202029142019000F072
:1024A0000381FFE70498016801202822C4F2020298
:1024B0009142019000F0F880FFE704980168012044
:1024C0004022C4F202029142019000F0ED80FFE749
:1024D0000498016801205822C4F20202914201903E
:1024E00000F0E280FFE70498016801207022C4F246
:1024F00002029142019000F0D780FFE70498016842
:1025000001208822C4F202029142019000F0CC80A6
:10251000FFE7049801680120A022C4F20202914260
:10252000019000F0C180FFE7049801680120B82203
:10253000C4F202029142019000F0B680FFE70498D5
:102540000168012040F21042C4F20202914201905F
:1025500000F0AA80FFE704980168012040F22842B9
:10256000C4F202029142019000F09E80FFE70498BD
:102570000168012040F24042C4F2020291420190FF
:1025800000F09280FFE704980168012040F2584271
:10259000C4F202029142019000F08680FFE70498A5
:1025A0000168012040F27042C4F20202914201909F
:1025B0007AD0FFE704980168012040F28842C4F213
:1025C0000202914201906FD0FFE704980168012058
:1025D00040F2A042C4F202029142019064D0FFE7AF
:1025E00004980168012040F2B842C4F2020291420C
:1025F000019059D0FFE704980168012045F2084294
:10260000C5F60202914201904ED0FFE7049801689E
:10261000012045F21C42C5F602029142019043D0CE
:10262000FFE704980168012045F23042C5F6020236
:102630009142019038D0FFE704980168012045F2EB
:102640004442C5F60202914201902DD0FFE7049862
:102650000168012045F25842C5F6020291420190FC
:1026600022D0FFE704980168012045F26C42C5F6CC
:1026700002029142019017D0FFE7049801680120FF
:1026800045F28042C5F60202914201900CD0FFE76C
:10269000049800684AF66C31CAF2FD710844B0FA39
:1026A00080F040090190FFE70198C00728B3FFE7D9
:1026B0000498016E086820F4807008600498806DAA
:1026C00003900498C06D00F01F0101208840039919
:1026D00048600498416E806E48600498C06E58B19E
:1026E000FFE70498C16E086820F4807008600498C1
:1026F000016F406F4860FFE7FFE70499012081F810
:102700003500FFE70499002081F83400FFE70498C2
:10271000006D20B1FFE70498016D8847FFE7FFE7F0
:10272000FFE700208DF81700FFE79DF8170006B0BF
:1027300080BD00000000000081B000900098406D56
:1027400001B070470000000080B590B00F900020ED
:102750000B9040F22400C2F20040006848F2B5112C
:10276000C1F64E31A0FB0110800A0A900F98806DCF
:1027700009900F98806D0890099800680E9008984D
:1027800000680D900F98016801201022C4F2020227
:102790009142079000F0A380FFE70F9801680120A5
:1027A0002822C4F202029142079000F09880FFE7CD
:1027B0000F98016801204022C4F202029142079062
:1027C00000F08D80FFE70F98016801205822C4F2C5
:1027D00002029142079000F08280FFE70F980168A3
:1027E00001207022C4F202029142079077D0FFE7E5
:1027F0000F98016801208822C4F2020291420790DA
:102800006DD0FFE70F9801680120A022C4F20202F8
:102810009142079063D0FFE70F9801680120B8222A
:10282000C4F202029142079059D0FFE70F98016865
:10283000012040F21042C4F20202914207904ED0B1
:10284000FFE70F980168012040F22842C4F202021B
:102850009142079043D0FFE70F980168012040F2B2
:102860004042C4F202029142079038D0FFE70F982D
:102870000168012040F25842C4F2020291420790DE
:102880002DD0FFE70F980168012040F27042C4F29A
:1028900002029142079022D0FFE70F9801680120C1
:1028A00040F28842C4F202029142079017D0FFE73B
:1028B0000F980168012040F2A042C4F20202914246
:1028C00007900CD0FFE70F9800684FF64831CBF621
:1028D000FD710844B0FA80F040090790FFE70798BF
:1028E000C007002800F01385FFE70E980F99C96D07
:1028F00001F01F01C8400007002840F1B080FFE749
:102900000F9800681021C4F20201884200F0818013
:10291000FFE70F9800682821C4F20201884278D0AE
:10292000FFE70F9800684021C4F20201884270D08E
:10293000FFE70F9800685821C4F20201884268D06E
:10294000FFE70F9800687021C4F20201884260D04E
:10295000FFE70F9800688821C4F20201884258D02E
:10296000FFE70F980068A021C4F20201884250D00E
:10297000FFE70F980068B821C4F20201884248D0EE
:10298000FFE70F98006840F21041C4F2020188424C
:102990003FD0FFE70F98006840F22841C4F20201DF
:1029A000884236D0FFE70F98006840F24041C4F2F9
:1029B000020188422DD0FFE70F98006840F258418D
:1029C000C4F20201884224D0FFE70F98006840F269
:1029D0007041C4F2020188421BD0FFE70F980068E3
:1029E00040F28841C4F20201884212D0FFE70F98FA
:1029F000006840F2A041C4F20201884209D0FFE71A
:102A00000F98006840F2B841C4F20201884207D131
:102A1000FFE70F980068006800F00400069006E0E9
:102A20000F980068006800F008000690FFE706981D
:102A3000A0B1FFE70F980168086820F00400086063
:102A40000F98C06D00F01F01082088400999886028
:102A50000F99486D40F001004865FFE7FFE70E98C9
:102A60000F99C96D01F01F01C840C007002800F090
:102A7000A980FFE70F9800681021C4F20201884284
:102A800000F08180FFE70F9800682821C4F202015E
:102A9000884278D0FFE70F9800684021C4F2020115
:102AA000884270D0FFE70F9800685821C4F20201F5
:102AB000884268D0FFE70F9800687021C4F20201D5
:102AC000884260D0FFE70F9800688821C4F20201B5
:102AD000884258D0FFE70F980068A021C4F2020195
:102AE000884250D0FFE70F980068B821C4F2020175
:102AF000884248D0FFE70F98006840F21041C4F2C6
:102B0000020188423FD0FFE70F98006840F2284159
:102B1000C4F20201884236D0FFE70F98006840F205
:102B20004041C4F2020188422DD0FFE70F980068AF
:102B300040F25841C4F20201884224D0FFE70F98C6
:102B4000006840F27041C4F2020188421BD0FFE7E6
:102B50000F98006840F28841C4F20201884212D006
:102B6000FFE70F98006840F2A041C4F202018842DA
:102B700009D0FFE70F98006840F2B841C4F20201A3
:102B8000884207D1FFE70F980068406900F0800095
:102B9000059005E00F980068006800200590FFE7A9
:102BA000059870B1FFE70F98C06D00F01F0101207C
:102BB0008840099988600F99486D40F00200486587
:102BC000FFE7FFE70E980F99C96D01F01F01C8409C
:102BD0004007002840F1A980FFE70F980068102106
:102BE000C4F20201884200F08180FFE70F9800687C
:102BF0002821C4F20201884278D0FFE70F980068CC
:102C00004021C4F20201884270D0FFE70F980068AB
:102C10005821C4F20201884268D0FFE70F9800688B
:102C20007021C4F20201884260D0FFE70F9800686B
:102C30008821C4F20201884258D0FFE70F9800684B
:102C4000A021C4F20201884250D0FFE70F9800682B
:102C5000B821C4F20201884248D0FFE70F9800680B
:102C600040F21041C4F2020188423FD0FFE70F98C2
:102C7000006840F22841C4F20201884236D0FFE7E2
:102C80000F98006840F24041C4F2020188422DD002
:102C9000FFE70F98006840F25841C4F202018842F1
:102CA00024D0FFE70F98006840F27041C4F202019F
:102CB00088421BD0FFE70F98006840F28841C4F2B9
:102CC0000201884212D0FFE70F98006840F2A0414D
:102CD000C4F20201884209D0FFE70F98006840F271
:102CE000B841C4F20201884207D1FFE70F9800689B
:102CF000006800F00200049005E00F98006800688A
:102D000000200490FFE7049870B1FFE70F98C06DB2
:102D100000F01F0104208840099988600F99486DD0
:102D200040F004004865FFE7FFE70E980F99C96D72
:102D300001F01F01C840C006002840F1DE80FFE717
:102D40000F9800681021C4F20201884200F08180CF
:102D5000FFE70F9800682821C4F20201884278D06A
:102D6000FFE70F9800684021C4F20201884270D04A
:102D7000FFE70F9800685821C4F20201884268D02A
:102D8000FFE70F9800687021C4F20201884260D00A
:102D9000FFE70F9800688821C4F20201884258D0EA
:102DA000FFE70F980068A021C4F20201884250D0CA
:102DB000FFE70F980068B821C4F20201884248D0AA
:102DC000FFE70F98006840F21041C4F20201884208
:102DD0003FD0FFE70F98006840F22841C4F202019B
:102DE000884236D0FFE70F98006840F24041C4F2B5
:102DF000020188422DD0FFE70F98006840F2584149
:102E0000C4F20201884224D0FFE70F98006840F224
:102E10007041C4F2020188421BD0FFE70F9800689E
:102E200040F28841C4F20201884212D0FFE70F98B5
:102E3000006840F2A041C4F20201884209D0FFE7D5
:102E40000F98006840F2B841C4F20201884207D1ED
:102E5000FFE70F980068006800F00800039006E0A4
:102E60000F980068006800F004000390FFE70398E3
:102E7000002841D0FFE70F98C06D00F01F0110201F
:102E80008840099988600F9800680068400300280E
:102E90001AD5FFE70F98006800680003002809D4DE
:102EA000FFE70F98006C20B1FFE70F98016C88478F
:102EB000FFE708E00F98806C20B1FFE70F98816C66
:102EC0008847FFE7FFE716E00F9800680068C00535
:102ED000002807D4FFE70F980168086820F0080071
:102EE0000860FFE70F98006C20B1FFE70F98016CB6
:102EF0008847FFE7FFE7FFE7FFE70E980F99C96DE7
:102F000001F01F01C8408006002840F12681FFE73C
:102F10000F9800681021C4F20201884200F08180FD
:102F2000FFE70F9800682821C4F20201884278D098
:102F3000FFE70F9800684021C4F20201884270D078
:102F4000FFE70F9800685821C4F20201884268D058
:102F5000FFE70F9800687021C4F20201884260D038
:102F6000FFE70F9800688821C4F20201884258D018
:102F7000FFE70F980068A021C4F20201884250D0F8
:102F8000FFE70F980068B821C4F20201884248D0D8
:102F9000FFE70F98006840F21041C4F20201884236
:102FA0003FD0FFE70F98006840F22841C4F20201C9
:102FB000884236D0FFE70F98006840F24041C4F2E3
:102FC000020188422DD0FFE70F98006840F2584177
:102FD000C4F20201884224D0FFE70F98006840F253
:102FE0007041C4F2020188421BD0FFE70F980068CD
:102FF00040F28841C4F20201884212D0FFE70F98E4
:10300000006840F2A041C4F20201884209D0FFE703
:103010000F98006840F2B841C4F20201884207D11B
:10302000FFE70F980068006800F01000029006E0CB
:103030000F980068006800F002000290FFE7029815
:10304000002800F08980FFE70F98C06D00F01F0195
:1030500020208840099988600F9890F8350004284E
:1030600037D1FFE70F980168086820F01600086064
:103070000F980168486920F0800048610F98006C43
:1030800020B9FFE70F98806C38B1FFE70F9801680F
:10309000086820F008000860FFE70F98C06D00F096
:1030A0001F013F208840099988600F99012081F80D
:1030B0003500FFE70F99002081F83400FFE70F98F3
:1030C000006D20B1FFE70F98016D8847FFE700F022
:1030D00019BC0F9800680068400300281AD5FFE764
:1030E0000F98006800680003002809D4FFE70F98D4
:1030F000406C20B1FFE70F98416C8847FFE708E07C
:103100000F98C06B20B1FFE70F98C16B8847FFE7AE
:10311000FFE720E00F9800680068C005002811D480
:10312000FFE70F980168086820F0100008600F9909
:10313000012081F83500FFE70F99002081F8340065
:10314000FFE7FFE70F98C06B20B1FFE70F98C16B57
:103150008847FFE7FFE7FFE7FFE70F98406D00288C
:1031600000F0D480FFE70F98406DC007002800F002
:10317000C480FFE70F99042081F835000F9800689C
:103180001021C4F20201884200F08180FFE70F980D
:1031900000682821C4F20201884278D0FFE70F9826
:1031A00000684021C4F20201884270D0FFE70F9806
:1031B00000685821C4F20201884268D0FFE70F98E6
:1031C00000687021C4F20201884260D0FFE70F98C6
:1031D00000688821C4F20201884258D0FFE70F98A6
:1031E0000068A021C4F20201884250D0FFE70F9886
:1031F0000068B821C4F20201884248D0FFE70F9866
:10320000006840F21041C4F2020188423FD0FFE75B
:103210000F98006840F22841C4F20201884236D07B
:10322000FFE70F98006840F24041C4F20201884273
:103230002DD0FFE70F98006840F25841C4F2020118
:10324000884224D0FFE70F98006840F27041C4F232
:10325000020188421BD0FFE70F98006840F28841C6
:10326000C4F20201884212D0FFE70F98006840F2D2
:10327000A041C4F20201884209D0FFE70F9800681C
:1032800040F2B841C4F20201884207D1FFE70F982B
:103290000168086820F00100086006E00F980168E6
:1032A000086820F001000860FFE7FFE70B98013095
:1032B0000B900A99884201D9FFE707E0FFE70F98D2
:1032C00000680068C0070028F0D1FFE70F98006889
:1032D0000068C00728B1FFE70F99032081F8350087
:1032E00004E00F99012081F83500FFE7FFE70F990F
:1032F000002081F83400FFE7FFE70F98C06C20B191
:10330000FFE70F98C16C8847FFE7FFE7FAE20F98E5
:103310000168012045F20842C5F60202914201907F
:103320004ED0FFE70F980168012045F21C42C5F618
:1033300002029142019043D0FFE70F9801680120FB
:1033400045F23042C5F602029142019038D0FFE7C3
:103350000F980168012045F24442C5F602029142ED
:1033600001902DD0FFE70F980168012045F25842E7
:10337000C5F602029142019022D0FFE70F98016842
:10338000012045F26C42C5F602029142019017D02D
:10339000FFE70F980168012045F28042C5F602025E
:1033A000914201900CD0FFE70F9800684AF66C310B
:1033B000CAF2FD710844B0FA80F040090190FFE7BD
:1033C0000198C007002800F09B82FFE70F98006873
:1033D00000680C900D980F99C96D01F01F01C8404D
:1033E0004007002840F1D780FFE79DF830004007F4
:1033F000002840F1D080FFE70F98C06D00F01F015A
:1034000004208840089948609DF831000006002893
:1034100018D5FFE79DF83200C00748B9FFE70F98BD
:10342000806C20B1FFE70F98816C8847FFE708E0C8
:103430000F98006C20B1FFE70F98016C8847FFE7F9
:10344000FFE7A7E09DF830008006002800F1998092
:10345000FFE70F9800681021C4F20201884200F0D3
:103460008180FFE70F9800682821C4F2020188429A
:1034700078D0FFE70F9800684021C4F2020188422B
:1034800070D0FFE70F9800685821C4F2020188420B
:1034900068D0FFE70F9800687021C4F202018842EB
:1034A00060D0FFE70F9800688821C4F202018842CB
:1034B00058D0FFE70F980068A021C4F202018842AB
:1034C00050D0FFE70F980068B821C4F2020188428B
:1034D00048D0FFE70F98006840F21041C4F20201A3
:1034E00088423FD0FFE70F98006840F22841C4F2BD
:1034F0000201884236D0FFE70F98006840F2404151
:10350000C4F2020188422DD0FFE70F98006840F214
:103510005841C4F20201884224D0FFE70F980068A6
:1035200040F27041C4F2020188421BD0FFE70F98BD
:10353000006840F28841C4F20201884212D0FFE7DD
:103540000F98006840F2A041C4F20201884209D0FD
:10355000FFE70F98006840F2B841C4F202018842C8
:1035600007D1FFE70F980168086820F0080008609D
:1035700006E00F980168086820F004000860FFE783
:10358000FFE70F98006C20B1FFE70F98016C8847A8
:10359000FFE7FFE7B3E10D980F99C96D01F01F0137
:1035A000C8408007002840F1E180FFE79DF8300027
:1035B0008007002840F1DA80FFE70F98C06D00F027
:1035C0001F0102208840089948609DF831000006DC
:1035D000002818D5FFE79DF83200C00748B9FFE77B
:1035E0000F98406C20B1FFE70F98416C8847FFE7C8
:1035F00008E00F98C06B20B1FFE70F98C16B8847B8
:10360000FFE7FFE7B1E09DF830008006002800F1F9
:10361000A380FFE70F9800681021C4F202018842DE
:1036200000F08180FFE70F9800682821C4F20201B2
:10363000884278D0FFE70F9800684021C4F2020169
:10364000884270D0FFE70F9800685821C4F2020149
:10365000884268D0FFE70F9800687021C4F2020129
:10366000884260D0FFE70F9800688821C4F2020109
:10367000884258D0FFE70F980068A021C4F20201E9
:10368000884250D0FFE70F980068B821C4F20201C9
:10369000884248D0FFE70F98006840F21041C4F21A
:1036A000020188423FD0FFE70F98006840F22841AE
:1036B000C4F20201884236D0FFE70F98006840F25A
:1036C0004041C4F2020188422DD0FFE70F98006804
:1036D00040F25841C4F20201884224D0FFE70F981B
:1036E000006840F27041C4F2020188421BD0FFE73B
:1036F0000F98006840F28841C4F20201884212D05B
:10370000FFE70F98006840F2A041C4F2020188422E
:1037100009D0FFE70F98006840F2B841C4F20201F7
:10372000884207D1FFE70F980168086820F014006D
:10373000086006E00F980168086820F00A00086039
:10374000FFE70F99012081F83500FFE70F9900206E
:1037500081F83400FFE7FFE70F98C06B20B1FFE767
:103760000F98C16B8847FFE7FFE7C7E00D980F99F7
:10377000C96D01F01F01C8400007002840F1BC805E
:10378000FFE79DF830000007002840F1B580FFE713
:103790000F9800681021C4F20201884200F0818075
:1037A000FFE70F9800682821C4F20201884278D010
:1037B000FFE70F9800684021C4F20201884270D0F0
:1037C000FFE70F9800685821C4F20201884268D0D0
:1037D000FFE70F9800687021C4F20201884260D0B0
:1037E000FFE70F9800688821C4F20201884258D090
:1037F000FFE70F980068A021C4F20201884250D070
:10380000FFE70F980068B821C4F20201884248D04F
:10381000FFE70F98006840F21041C4F202018842AD
:103820003FD0FFE70F98006840F22841C4F2020140
:10383000884236D0FFE70F98006840F24041C4F25A
:10384000020188422DD0FFE70F98006840F25841EE
:10385000C4F20201884224D0FFE70F98006840F2CA
:103860007041C4F2020188421BD0FFE70F98006844
:1038700040F28841C4F20201884212D0FFE70F985B
:10388000006840F2A041C4F20201884209D0FFE77B
:103890000F98006840F2B841C4F20201884207D193
:1038A000FFE70F980168086820F01C00086006E038
:1038B0000F980168086820F00E000860FFE70F9875
:1038C000C06D00F01F01012000FA01F1089A51605B
:1038D0000F9948650F9981F83500FFE70F9900208F
:1038E00081F83400FFE70F98C06C20B1FFE70F9814
:1038F000C16C8847FFE700E0FFE7FFE7FFE700E074
:10390000FFE7FFE710B080BD10B58EB00C9002F05D
:1039100007FD0A900C9828B9FFE701208DF83700C1
:1039200000F09EBC0C98016801201022C4F2020233
:103930009142079000F0A380FFE70C9801680120F6
:103940002822C4F202029142079000F09880FFE71B
:103950000C98016801204022C4F2020291420790B3
:1039600000F08D80FFE70C98016801205822C4F216
:1039700002029142079000F08280FFE70C980168F4
:1039800001207022C4F202029142079077D0FFE733
:103990000C98016801208822C4F20202914207902B
:1039A0006DD0FFE70C9801680120A022C4F202024A
:1039B0009142079063D0FFE70C9801680120B8227C
:1039C000C4F202029142079059D0FFE70C980168B7
:1039D000012040F21042C4F20202914207904ED000
:1039E000FFE70C980168012040F22842C4F202026D
:1039F0009142079043D0FFE70C980168012040F204
:103A00004042C4F202029142079038D0FFE70C987E
:103A10000168012040F25842C4F20202914207902C
:103A20002DD0FFE70C980168012040F27042C4F2EB
:103A300002029142079022D0FFE70C980168012012
:103A400040F28842C4F202029142079017D0FFE789
:103A50000C980168012040F2A042C4F20202914297
:103A600007900CD0FFE70C9800684FF64831CBF672
:103A7000FD710844B0FA80F040090790FFE707980D
:103A8000C007002800F07881FFE70C98406A08B171
:103A9000FFE7FFE70C99022081F83500FFE70C995A
:103AA000002081F83400FFE70C9800681021C4F270
:103AB0000201884200F08180FFE70C98006828210D
:103AC000C4F20201884278D0FFE70C9800684021D8
:103AD000C4F20201884270D0FFE70C9800685821B8
:103AE000C4F20201884268D0FFE70C980068702198
:103AF000C4F20201884260D0FFE70C980068882178
:103B0000C4F20201884258D0FFE70C980068A02157
:103B1000C4F20201884250D0FFE70C980068B82137
:103B2000C4F20201884248D0FFE70C98006840F2D6
:103B30001041C4F2020188423FD0FFE70C980068B0
:103B400040F22841C4F20201884236D0FFE70C98C7
:103B5000006840F24041C4F2020188422DD0FFE7E4
:103B60000C98006840F25841C4F20201884224D007
:103B7000FFE70C98006840F27041C4F202018842ED
:103B80001BD0FFE70C98006840F28841C4F20201A4
:103B9000884212D0FFE70C98006840F2A041C4F2BE
:103BA0000201884209D0FFE70C98006840F2B84152
:103BB000C4F20201884207D1FFE70C980168086847
:103BC00020F00100086006E00C980168086820F009
:103BD00001000860FFE7FFE70C9800680068C00775
:103BE00098B1FFE702F09CFB0A99401A06280BD314
:103BF000FFE70C99202048650C99032081F83500D7
:103C000001208DF837002BE3E6E70C980068006888
:103C10000B900B9848F23F01CFF6106108400B90D3
:103C20000C998868D1F80CC00B694A6940EA0C000D
:103C3000184310438A691043CA691043096A014353
:103C40000B9808430B900C98406A042808D1FFE7B2
:103C50000C99C86A096B01430B9808430B90FFE766
:103C60000C984068292807D3FFE70C984168012089
:103C70002F29069036D3FFE70C9840683F2807D3DA
:103C8000FFE70C9841680120432906902AD3FFE7FB
:103C90000C984068472807D3FFE70C98416801203B
:103CA000492906901ED3FFE70C9840684F2807D398
:103CB000FFE70C98416801205329069012D3FFE7D3
:103CC0000C98416800207429059008D3FFE70C98F0
:103CD00041680020782938BF01200590FFE705984A
:103CE0000690FFE70698C00728B1FFE70B9840F45D
:103CF00080100B90FFE70B980C99096808600C98EE
:103D0000006840690B900B9820F007000B900C980E
:103D1000416A0B9808430B900C98406A04281AD10A
:103D2000FFE70C98816A0B9808430B900C98C06AC7
:103D300080B1FFE70C98FCF7B7FF50B1FFE70C9993
:103D4000402048650C99012081F835008DF8370036
:103D500086E2FFE7FFE70B980C99096848610C9829
:103D6000FCF766FD09900C98C06D00F01F013F2024
:103D700088400999886026E10C980168012045F285
:103D80000842C5F60202914204904ED0FFE70C981B
:103D90000168012045F21C42C5F6020291420490DE
:103DA00043D0FFE70C980168012045F23042C5F688
:103DB00002029142049038D0FFE70C98016801207C
:103DC00045F24442C5F60202914204902DD0FFE72D
:103DD0000C980168012045F25842C5F60202914252
:103DE000049022D0FFE70C980168012045F26C4254
:103DF000C5F602029142049017D0FFE70C980168C3
:103E0000012045F28042C5F60202914204900CD096
:103E1000FFE70C9800684AF66C31CAF2FD7108445D
:103E2000B0FA80F040090490FFE70498C00700282A
:103E300000F0BD80FFE70C980168012045F20842C0
:103E4000C5F60202914203904ED0FFE70C9801683C
:103E5000012045F21C42C5F602029142039043D074
:103E6000FFE70C980168012045F23042C5F60202D6
:103E70009142039038D0FFE70C980168012045F289
:103E80004442C5F60202914203902DD0FFE70C9800
:103E90000168012045F25842C5F6020291420390A2
:103EA00022D0FFE70C980168012045F26C42C5F66C
:103EB00002029142039017D0FFE70C98016801209D
:103EC00045F28042C5F60202914203900CD0FFE712
:103ED0000C9800684AF66C31CAF2FD710844B0FAD9
:103EE00080F040090390FFE70398C00708B1FFE79F
:103EF000FFE70C99022081F83500FFE70C990020BC
:103F000081F83400FFE70C98006800680B900B986C
:103F10006FF310100B900C988068402803D1FFE7D6
:103F20001020029008E00C9880688038B0FA80F089
:103F3000400980030290FFE702980C99CA680B6958
:103F4000D1F814C0D1F818E0CC694EEA040E4CEA5E
:103F50000E0C43EA0C031A4340EAD200096A40EA15
:103F600011110B9808430B900B980C990968086085
:103F70000C9908684AF6F832CAF2FD7210444CF601
:103F8000CD42CCF6CC42A0FB02026FF0030000EA67
:103F90009200C8650C98FCF74BFC08900C98C06D1B
:103FA00000F01F0101208840089948600AE00C9940
:103FB000402048650C99032081F8350001208DF8D8
:103FC00037004DE1FFE70C98016801201022C4F290
:103FD00002029142019000F00381FFE70C98016812
:103FE00001202822C4F202029142019000F0F880E0
:103FF000FFE70C98016801204022C4F202029142BE
:10400000019000F0ED80FFE70C9801680120582234
:10401000C4F202029142019000F0E280FFE70C98A6
:10402000016801207022C4F202029142019000F066
:10403000D780FFE70C98016801208822C4F20202B1
:104040009142019000F0CC80FFE70C9801680120BC
:10405000A022C4F202029142019000F0C180FFE769
:104060000C9801680120B822C4F20202914201902A
:1040700000F0B680FFE70C980168012040F2104282
:10408000C4F202029142019000F0AA80FFE70C986E
:104090000168012040F22842C4F2020291420190DC
:1040A00000F09E80FFE70C980168012040F240423A
:1040B000C4F202029142019000F09280FFE70C9856
:1040C0000168012040F25842C4F20202914201907C
:1040D00000F08680FFE70C980168012040F27042F2
:1040E000C4F20202914201907AD0FFE70C98016875
:1040F000012040F28842C4F20202914201906FD046
:10410000FFE70C980168012040F2A042C4F20202CD
:104110009142019064D0FFE70C980168012040F2C1
:10412000B842C4F202029142019059D0FFE70C98C4
:104130000168012045F20842C5F602029142019051
:104140004ED0FFE70C980168012045F21C42C5F6ED
:1041500002029142019043D0FFE70C9801680120D0
:1041600045F23042C5F602029142019038D0FFE795
:104170000C980168012045F24442C5F602029142C2
:1041800001902DD0FFE70C980168012045F25842BC
:10419000C5F602029142019022D0FFE70C98016817
:1041A000012045F26C42C5F602029142019017D0FF
:1041B000FFE70C980168012045F28042C5F6020233
:1041C000914201900CD0FFE70C9800684AF66C31E0
:1041D000CAF2FD710844B0FA80F040090190FFE78F
:1041E0000198C00790B3FFE70C98FCF709FC0C9806
:1041F0008068802804D1FFE70C9900204860FFE721
:104200000C990879096E08600C98416E806E4860C0
:104210000C98406888B1FFE70C98406808280CD8D3
:10422000FFE70C98FCF7A8FC0C98C16E0020086012
:104230000C98016F406F486007E00C990020C86639
:104240000C9908670C994867FFE7FFE70C99002075
:1042500048650C9A012182F835108DF83700FFE788
:104260009DF837000EB010BD80B588B0069005915E
:104270000492039300208DF80B00069820B9FFE705
:1042800001208DF81F006CE3FFE7069890F83400DA
:10429000012804D1FFE702208DF81F0061E3069991
:1042A000012081F83400FFE7FFE7069890F8350019
:1042B000012840F04383FFE70699022081F835008A
:1042C000069900204865069800681021C4F2020192
:1042D000884200F08180FFE7069800682821C4F238
:1042E0000201884278D0FFE7069800684021C4F2B6
:1042F0000201884270D0FFE7069800685821C4F296
:104300000201884268D0FFE7069800687021C4F275
:104310000201884260D0FFE7069800688821C4F255
:104320000201884258D0FFE706980068A021C4F235
:104330000201884250D0FFE706980068B821C4F215
:104340000201884248D0FFE70698006840F2104119
:10435000C4F2020188423FD0FFE70698006840F2AD
:104360002841C4F20201884236D0FFE7069800686F
:1043700040F24041C4F2020188422DD0FFE7069886
:10438000006840F25841C4F20201884224D0FFE79D
:104390000698006840F27041C4F2020188421BD0C6
:1043A000FFE70698006840F28841C4F202018842A3
:1043B00012D0FFE70698006840F2A041C4F2020163
:1043C000884209D0FFE70698006840F2B841C4F27D
:1043D0000201884207D1FFE706980168086820F0CB
:1043E0000100086006E006980168086820F00100F6
:1043F0000860FFE706980599049A039BFCF7CCFC3C
:104400000698016801201022C4F202029142019034
:1044100000F0A380FFE70698016801202822C4F27B
:1044200002029142019000F09880FFE7069801682F
:1044300001204022C4F202029142019000F08D80DE
:10444000FFE70698016801205822C4F20202914257
:10445000019000F08280FFE7069801680120702239
:10446000C4F202029142019077D0FFE706980168FA
:1044700001208822C4F20202914201906DD0FFE730
:10448000069801680120A022C4F202029142019024
:1044900063D0FFE7069801680120B822C4F2020247
:1044A0009142019059D0FFE706980168012040F23F
:1044B0001042C4F20202914201904ED0FFE70698EA
:1044C0000168012040F22842C4F2020291420190A8
:1044D00043D0FFE706980168012040F24042C4F251
:1044E00002029142019038D0FFE70698016801204E
:1044F00040F25842C4F20202914201902DD0FFE7EF
:1045000006980168012040F27042C4F20202914212
:10451000019022D0FFE706980168012040F288420E
:10452000C4F202029142019017D0FFE70698016899
:10453000012040F2A042C4F20202914201900CD04C
:10454000FFE7069800684FF64831CBF6FD71084446
:10455000B0FA80F040090190FFE70198C007A8B1C8
:10456000FFE70698006800680B2161F34400069994
:10457000096808600698006C38B1FFE70698016882
:10458000086840F008000860FFE714E0069800683B
:104590000068052161F343000699096808600698E0
:1045A000006C38B1FFE706980168086840F0040025
:1045B0000860FFE7FFE70698016801201022C4F2B7
:1045C00002029142009000F00381FFE70698016823
:1045D00001202822C4F202029142009000F0F880EB
:1045E000FFE70698016801204022C4F202029142CE
:1045F000009000F0ED80FFE7069801680120582246
:10460000C4F202029142009000F0E280FFE70698B7
:10461000016801207022C4F202029142009000F071
:10462000D780FFE70698016801208822C4F20202C1
:104630009142009000F0CC80FFE7069801680120CD
:10464000A022C4F202029142009000F0C180FFE774
:10465000069801680120B822C4F20202914200903B
:1046600000F0B680FFE706980168012040F2104292
:10467000C4F202029142009000F0AA80FFE706987F
:104680000168012040F22842C4F2020291420090E7
:1046900000F09E80FFE706980168012040F240424A
:1046A000C4F202029142009000F09280FFE7069867
:1046B0000168012040F25842C4F202029142009087
:1046C00000F08680FFE706980168012040F2704202
:1046D000C4F20202914200907AD0FFE70698016886
:1046E000012040F28842C4F20202914200906FD051
:1046F000FFE706980168012040F2A042C4F20202DE
:104700009142009064D0FFE706980168012040F2D2
:10471000B842C4F202029142009059D0FFE70698D5
:104720000168012045F20842C5F60202914200905C
:104730004ED0FFE706980168012045F21C42C5F6FD
:1047400002029142009043D0FFE7069801680120E1
:1047500045F23042C5F602029142009038D0FFE7A0
:1047600006980168012045F24442C5F602029142D2
:1047700000902DD0FFE706980168012045F25842CD
:10478000C5F602029142009022D0FFE70698016828
:10479000012045F26C42C5F602029142009017D00A
:1047A000FFE706980168012045F28042C5F6020243
:1047B000914200900CD0FFE7069800684AF66C31F1
:1047C000CAF2FD710844B0FA80F040090090FFE79A
:1047D0000098C007D0B1FFE70698006E0068C003DC
:1047E000002807D5FFE70698016E086840F480703E
:1047F0000860FFE70698C06E38B1FFE70698C16E03
:10480000086840F480700860FFE7FFE706980068DA
:104810001021C4F20201884200F08180FFE706986F
:1048200000682821C4F20201884278D0FFE7069888
:1048300000684021C4F20201884270D0FFE7069868
:1048400000685821C4F20201884268D0FFE7069848
:1048500000687021C4F20201884260D0FFE7069828
:1048600000688821C4F20201884258D0FFE7069808
:104870000068A021C4F20201884250D0FFE70698E8
:104880000068B821C4F20201884248D0FFE70698C8
:10489000006840F21041C4F2020188423FD0FFE7B5
:1048A0000698006840F22841C4F20201884236D0DE
:1048B000FFE70698006840F24041C4F202018842D6
:1048C0002DD0FFE70698006840F25841C4F202017B
:1048D000884224D0FFE70698006840F27041C4F295
:1048E000020188421BD0FFE70698006840F2884129
:1048F000C4F20201884212D0FFE70698006840F235
:10490000A041C4F20201884209D0FFE7069800687E
:1049100040F2B841C4F20201884207D1FFE706988D
:104920000168086840F00100086006E00698016828
:10493000086840F001000860FFE70DE006994FF4B9
:1049400000604865FFE70699002081F83400FFE722
:1049500001208DF80B00FFE79DF80B008DF81F007C
:10496000FFE79DF81F0008B080BD000000000000B8
:1049700080B584B0039001F0D3FC029003980190BD
:104980000198013048B1FFE740F2FA00C2F200405E
:104990000178019808440190FFE7FFE701F0C0FCAF
:1049A0000299401A0199884201D2FFE7F6E704B064
:1049B00080BD00000000000085B0039002910192CC
:1049C000039890F898008DF803009DF803000128E3
:1049D00005D0FFE79DF8030002285DD1FFE70298AC
:1049E00003990968896D084207D1FFE703980168B8
:1049F000C86D40F00100C86515E002980399096888
:104A0000896D08400299884207D1FFE70398016841
:104A1000C86D40F00200C86504E0039801680320F7
:104A2000C865FFE7FFE79DF809008007002809D562
:104A3000FFE7019A03980168D1F8E0001043C1F83C
:104A4000E000FFE79DF809004007002809D5FFE7CF
:104A5000019A03980168D1F8E4001043C1F8E4001A
:104A6000FFE7FFE702984FF6FF71C3F6CF7100EA48
:104A7000010203980168486D10434865029A4AF69E
:104A80001401C4F20001086840EA92700860FFE770
:104A900000208DF813000AE00399D1F89C0040F043
:104AA0000200C1F89C0001208DF81300FFE79DF87B
:104AB000130005B07047000080B586B004900391E4
:104AC00002920398406808B9FFE700E0FFE7049806
:104AD00090F89800022845D1FFE704980068D0F8C4
:104AE000C00010F07C5F0BD1FFE70499D1F89C0067
:104AF00040F02000C1F89C0001208DF817003CE038
:104B000004980068D0F8C400800200280BD5FFE7A5
:104B10000499D1F89C0040F40070C1F89C00012079
:104B20008DF8170029E004980068D0F8C400C0F39D
:104B30000440019004980399029A019BFCF75CFDE4
:104B40000199012000FA01F1049A1268C2F8D0100C
:104B5000019988400499C1F89400FFE700208DF87E
:104B600017000AE00499D1F89C0040F00800C1F851
:104B70009C0001208DF81700FFE79DF8170006B094
:104B800080BD00000000000082B00190009102B0E2
:104B9000704700000000000087B005900491059860
:104BA00090F898008DF803009DF80300012805D0C7
:104BB000FFE79DF8030002286AD1FFE70498C06868
:104BC000072801D1FFE7FFE70498006878BBFFE7FB
:104BD0000498C068072801D0FFE7FFE70498C06881
:104BE00007280CD1FFE7049A10699169D269000483
:104BF00040EA0220084340F0605003900CE0049922
:104C00008868CB680A694969800740EAC36040EA5E
:104C1000024008430390FFE70598C06E0499496875
:104C200000EB810001900398019908602CE0049842
:104C3000C068072801D0FFE7FFE70498C168006952
:104C400040EA417003900498C068072804D1FFE748
:104C500004988069029006E004988168406940EAFF
:104C600081700290FFE70598006F0499496800EB96
:104C7000C1000190039801990860019804300190E7
:104C8000029801990860FFE700208DF81B000AE0F8
:104C90000599D1F89C0040F00200C1F89C00012069
:104CA0008DF81B00FFE79DF81B0007B07047000060
:104CB00085B0DDF814C0039002910192009303982F
:104CC00090F89800012812D1FFE70298000101999D
:104CD00040EA8100009940EA4100059908430399A0
:104CE0000968C1F8800000208DF813000AE00399DC
:104CF000D1F89C0040F00400C1F89C0001208DF820
:104D00001300FFE79DF8130005B070470000000096
:104D100081B0009001B0704782B00190009102B064
:104D200070470000000000008AB0089007910692CA
:104D3000059300200190089890F898008DF80300E2
:104D40009DF80300022840F05C81FFE707984028A7
:104D500051D1FFE708980068D0F8A00010F4FE0FCA
:104D60000BD1FFE70899D1F89C0040F02000C1F872
:104D70009C0001208DF827004EE108980068D0F8CB
:104D8000A400400658B9FFE70899D1F89C0040F408
:104D90008070C1F89C0001208DF827003CE1089844
:104DA0000068D0F8A40000F080710120B0EB116F12
:104DB0000DD1FFE708980068D0F8A0100120B0EBF3
:104DC000D17F03D1FFE701200190FFE7FFE70898BB
:104DD0000068D0F8A40000F47C51019800EB112089
:104DE00001900898426C406F0199514300EB81009B
:104DF0000490FFE770E00798412851D1FFE7089839
:104E00000068D0F8B00010F4FE0F0BD1FFE708994E
:104E1000D1F89C0040F02000C1F89C0001208DF8E2
:104E20002700F9E008980068D0F8B400400658B9A7
:104E3000FFE70899D1F89C0040F48070C1F89C000D
:104E400001208DF82700E7E008980068D0F8B4004A
:104E500000F080710120B0EB116F0DD1FFE70898D1
:104E60000068D0F8B0100120B0EBD17F03D1FFE78C
:104E700001200190FFE7FFE708980068D0F8B40030
:104E800000F47C51019800EB112001900898C26C4D
:104E9000806F0199514300EB81000490FFE71AE015
:104EA00007980899096D88420BD3FFE70899D1F854
:104EB0009C0040F02000C1F89C0001208DF82700E4
:104EC000AAE00898426DC06F0799514300EB81003A
:104ED0000490FFE7FFE7FFE70498006800F08040D8
:104EE000069948600698406838B9FFE7049800685A
:104EF000C0F38A400699086006E00498006820F034
:104F0000604006990860FFE70498006800F00050D0
:104F1000069988600498006800F0004006990861CE
:104F2000049804300490049800880699C861049895
:104F30000068C0F303400699C8600498006800F454
:104F40008010069948610498006800F400100699E2
:104F5000886104980068C0F30660069908620498A6
:104F60000068C00F069948620498043004900498C1
:104F7000039000200290FFE702980699CA6847F262
:104F80009C01C0F60101895C88420AD2FFE70398C0
:104F9000029A805C05998854FFE7029801300290DC
:104FA000EAE70798402806D1FFE7019808990968C1
:104FB000C1F8A80021E00798412806D1FFE7019831
:104FC00008990968C1F8B80016E007981F2808D8A2
:104FD000FFE707990120884008990968C1F89800FF
:104FE00009E0079800F01F0101208840089909682E
:104FF000C1F89C00FFE7FFE7FFE700208DF82700DE
:105000000AE00899D1F89C0040F00800C1F89C0023
:1050100001208DF82700FFE79DF827000AB07047B0
:1050200081B0009001B0704780B594B013904AF6FB
:105030001000C4F200000068800712904AF61400C5
:10504000C4F200000168129800EA8170129013986F
:105050000068006D00F47040119013980068416D75
:1050600011980840119013980068006D00F00F002F
:10507000109013980068416D109808401090139894
:105080000068006D00F0F0000F9013980068416D0B
:105090000F9808400F9013980068006D00F0715051
:1050A0000E9013980068416D0E9808400E9013986A
:1050B0000068006D00F060700D9013980068416DFD
:1050C0000D9808400D9013980068406D0390139858
:1050D0000068006D01909DF80D00C007B8B1FFE7B2
:1050E0009DF80500C00788B1FFE7FFE71398016846
:1050F0004FF4807008654AF61001C4F200010020E8
:105100000860FFE71398FFF78BFFFFE7FFE79DF8C5
:105110000D0000F004010020B0EB910F28D0FFE754
:105120009DF8050000F004010020B0EB910F1ED0A7
:10513000FFE713980068D0F8DC000B901398006824
:10514000D0F8E4100B9808400B90FFE71398016823
:105150004FF4806008654AF61001C4F20001002097
:105160000860FFE713980B9900F0AEFEFFE7FFE73A
:105170001298B8B1FFE7FFE712984FF6FF71C3F638
:10518000CF7108401399096808651298800F4AF694
:105190001001C4F200010860FFE713981299FFF7AD
:1051A000F3FCFFE71198B8B1FFE7FFE711984FF65E
:1051B000FF71C3F6CF71084013990968086511980B
:1051C000800F4AF61001C4F200010860FFE713984F
:1051D000119900F089FEFFE71098B8B1FFE7FFE7EB
:1051E00010984FF6FF71C3F6CF7108401399096804
:1051F00008651098800F4AF61001C4F2000108609B
:10520000FFE71398109900F02FFDFFE70F98B8B152
:10521000FFE7FFE70F984FF6FF71C3F6CF71084025
:105220001399096808650F98800F4AF61001C4F2B7
:1052300000010860FFE713980F9900F085FDFFE774
:105240009DF80D0000F008010020B0EBD10F1BD03D
:10525000FFE79DF8050000F008010020B0EBD10F3A
:1052600011D0FFE7FFE7139801684FF4006008656D
:105270004AF61001C4F2000100200860FFE713980D
:1052800000F03AFEFFE7FFE79DF80D0000F0020195
:105290000020B0EB510F28D0FFE79DF8050000F08B
:1052A00002010020B0EB510F1ED0FFE713980068F9
:1052B000D0F8D8000C9013980068D0F8E0100C9843
:1052C00008400C90FFE7139801684FF400700865E0
:1052D0004AF61001C4F2000100200860FFE71398AD
:1052E0000C9900F0F9FDFFE7FFE79DF80E0000F0D4
:1052F00008010020B0EBD10F1BD0FFE79DF806009E
:1053000000F008010020B0EBD10F11D0FFE7FFE75C
:10531000139801684FF4002008654AF61001C4F2A2
:10532000000100200860FFE7139800F099FCFFE7F8
:10533000FFE79DF80E00C007B8B1FFE79DF8060033
:10534000C00788B1FFE7FFE7139801684FF480308A
:1053500008654AF61001C4F2000100200860FFE76A
:10536000139800F0ADFDFFE7FFE79DF80E0000F099
:1053700004010020B0EB910F1BD0FFE79DF8060061
:1053800000F004010020B0EB910F11D0FFE7FFE720
:10539000139801684FF4802008654AF61001C4F2A2
:1053A000000100200860FFE7139800F085FDFFE78B
:1053B000FFE79DF80E0000F002010020B0EB510F56
:1053C0001FD0FFE79DF8060000F002010020B0EBBF
:1053D000510F15D0FFE7FFE7139801684FF4003035
:1053E00008654AF61001C4F2000100200860FFE7DA
:1053F0001399D1F89C0040F08000C1F89C00FFE7B1
:10540000FFE70D98B8B1FFE7FFE70D984FF6FF7182
:10541000C3F6CF7108401399096808650D98800F8D
:105420004AF61001C4F200010860FFE713980D99D5
:10543000FFF772FCFFE70E98D0B1FFE7FFE70E9889
:105440004FF6FF71C3F6CF710840139909680865DC
:105450000E98800F4AF61001C4F200010860FFE7C1
:105460000E9A1399D1F89C001043C1F89C00FFE7F5
:10547000139800684AF20001C4F20001884240F02B
:10548000B980FFE71398406880688007002800F023
:10549000B080FFE713984068006A00F00F000A90A0
:1054A00013984068416A0A9808400A901398406827
:1054B000006A00F03000099013984068416A09982A
:1054C0000840099013984068006A00F4C070089082
:1054D00013984068416A08980840089013984068FB
:1054E000006A00F4FC40079013984068416A0798EE
:1054F0000840079013984068006A00F4F020069076
:1055000013984068416A06980840069013984068CE
:10551000406A029013984068006A00900A9848B167
:10552000FFE70A9813994968086213980A9900F0EE
:10553000ABFCFFE7099848B1FFE709981399496860
:1055400008621398099900F0AFFCFFE79DF8080086
:1055500000F040010020B0EB911F1FD0FFE79DF845
:10556000000000F040010020B0EB911F15D0FFE7D4
:1055700013984068C06B000C059013984068C06B8E
:1055800000F03F000490139841684020086213988F
:105590000599049A00F080FCFFE7FFE7089848B1FE
:1055A000FFE708981399496808621398089900F072
:1055B00063FCFFE7079860B1FFE707981399496814
:1055C0000862079A1399D1F89C001043C1F89C0017
:1055D000FFE7069860B1FFE70698139949680862EB
:1055E000069A1399D1F89C001043C1F89C00FFE77C
:1055F000FFE7FFE71398D0F89C0020B1FFE713986E
:10560000FFF786FBFFE714B080BD0000000000003C
:1056100080B598B0169047F24001C0F6010101A88C
:105620004C22FAF798FF169820B9FFE701208DF871
:105630005F00D9E1169800684AF20001C4F2000147
:10564000884206D1FFE71699086800F58070486027
:10565000FFE716988068B0F5407F01D1FFE7FFE7CC
:105660001698006C08B1FFE7FFE71698806C08B148
:10567000FFE7FFE71698006D08B1FFE7FFE7169810
:10568000006E08B1FFE7FFE71699C86D096E084480
:1056900008B1FFE7FFE7169890F8980040B9FFE7D8
:1056A0001699002081F89900169800F0A1F9FFE7FB
:1056B00016980168886920F01000886100F030FEBB
:1056C0001590FFE71698006880690007002817D535
:1056D000FFE700F025FE1599401A0B280FD3FFE7CE
:1056E0001699D1F89C0040F00100C1F89C00169971
:1056F000032081F8980001208DF85F0074E1E1E754
:1057000016980168886940F00100886100F008FE81
:105710001590FFE7169800688069C007B8B9FFE7E1
:1057200000F0FEFD1599401A0B280FD3FFE71699DC
:10573000D1F89C0040F00100C1F89C0016990320AC
:1057400081F8980001208DF85F004DE1E2E716989E
:105750000168886940F0020088611698007C012881
:1057600007D1FFE716980168886920F0400088613A
:1057700006E016980168886940F040008861FFE7FC
:105780001698407C012807D1FFE7169801688869C0
:1057900040F48040886106E016980168886920F42A
:1057A00080408861FFE71698807C012807D1FFE7D9
:1057B00016980168886920F48050886106E0169880
:1057C0000168886940F480508861FFE71698006896
:1057D000806920F44070169A1168926810438861BD
:1057E00016980168886920F0A400886116980168FD
:1057F000086920F0100008611698C068012807D1D8
:10580000FFE716980168886940F0040088612BE082
:105810001698C06830B3FFE71698C068022819D000
:10582000FFE716980168886940F080008861169843
:105830000168086940F0100008611698C0680328E4
:1058400007D1FFE716980168886940F02000886159
:10585000FFE706E016980168886940F0200088613B
:10586000FFE700E0FFE7FFE7169A116853699069C8
:10587000D2F81CE0A0F1010C6FF0FF0000EB0E204D
:1058800040EA4C60126A013A10430022CFF6FF72E0
:1058900002EB03421043C86116988068B0F5407F60
:1058A0001CD1FFE7169A1168536A906AD2F82CE06F
:1058B00001386FF0FF0C0CEB0E2C40EA0C00D2F814
:1058C00030C06FF00F0202EB0C1210430022CFF633
:1058D000FF7202EB03421043C860FFE71698006EA8
:1058E00048B1FFE716980168426ED1F8C000104336
:1058F000C1F8C000FFE71699C86D096E084480B171
:10590000FFE716980068D0F8C80020F00700169A44
:105910001168936E01AA52F823201043C1F8C80001
:10592000FFE71698006C80B1FFE716980068D0F882
:10593000BC0020F00700169A1168536C01AA52F8B7
:1059400023201043C1F8BC00FFE71698806C88B193
:10595000FFE716980068D0F8BC0020F07000169A97
:105960001168D36C01AA52F8232040EA0210C1F852
:10597000BC00FFE71698006D88B1FFE71698006835
:10598000D0F8BC0020F4E060169A1168536D01AAAB
:1059900052F8232040EA0220C1F8BC00FFE7169825
:1059A00000684AF20001C4F20001884207D1FFE713
:1059B00016984168886820F003008860FFE7169910
:1059C0000020C1F894001699C1F89C001699012096
:1059D00081F898001698FBF7ABFC8DF853009DF802
:1059E00053008DF85F00FFE79DF85F0018B080BDA1
:1059F00080B5C2B04190002040903F903E903D90D5
:105A00003C900EA8B821FAF7D8FD419800684AF2F8
:105A10000001C4F2000188425ED1FFE700200F9030
:105A20004FF400400E904FF0805029900EA802F0E5
:105A300013FA18B1FFE7FBF753FCFFE740F28020B1
:105A4000C2F200400168013101600068012810D1F4
:105A5000FFE7FFE744F2EC40C5F60200016841F4BD
:105A600080710160006800F480700D900D98FFE770
:105A7000FFE7FFE744F2E040C5F60200016841F0AD
:105A800008010160006800F008000C900C98FFE726
:105A900003203C9002203D90002006903E903F90D5
:105AA0000920409040F60040C5F602003CA900F0F5
:105AB0004BFA069A13200590114600F0EDFC05986C
:105AC00000F0DEFC069A15200790114600F0E4FC79
:105AD000079800F0D5FCBEE0419800684AF200410A
:105AE000C4F20001884255D1FFE700200F904FF427
:105AF00000400E904FF0805029900EA802F0ACF9B3
:105B000018B1FFE7FBF7ECFBFFE740F28020C2F2A1
:105B100000400168013101600068012810D1FFE7F1
:105B2000FFE744F2EC40C5F60200016841F48071E1
:105B30000160006800F480700B900B98FFE7FFE7AE
:105B4000FFE744F2E040C5F60200016841F00201BF
:105B50000160006800F002000A900A98FFE76020E8
:105B60003C9002203D90002003903E903F90092001
:105B7000409040F20040C5F602003CA900F0E4F974
:105B8000039A14200490114600F086FC049800F05B
:105B900077FC5FE0419800684DF20041C4F20001DB
:105BA000884256D1FFE700200F904FF400400E903E
:105BB0004FF0805029900EA802F04EF918B1FFE77F
:105BC000FBF78EFBFFE740F28020C2F20040016845
:105BD000013101600068012810D1FFE7FFE744F2BE
:105BE000EC40C5F60200016841F480710160006874
:105BF00000F4807009900998FFE7FFE7FFE744F29F
:105C0000E040C5F60200016841F00801016000684B
:105C100000F0080008900898FFE74FF440503C90CF
:105C200002203D90002001903E903F900520409042
:105C300040F60040C5F602003CA900F085F9019A43
:105C40009F200290114600F027FC029800F018FCFB
:105C5000FFE7FFE7FFE742B080BD00000000000063
:105C600081B0009001B0704780B586B00590049176
:105C7000059800684AF20001C4F20001884219D177
:105C8000FFE7059840F28811C2F2004103910A1D16
:105C900001F12C034021FFF747F80398406B40B116
:105CA000FFE740F28810C2F20040416B04308847A1
:105CB000FFE745E0059800684AF20041C4F20001A0
:105CC000884219D1FFE7059840F2E811C2F200417D
:105CD00002910A1D01F12C034021FFF725F80298DB
:105CE000406B40B1FFE740F2E810C2F20040416B68
:105CF00004308847FFE722E0059800684DF2004134
:105D0000C4F20001884219D1FFE7059840F248210A
:105D1000C2F2004101910A1D01F12C034021FFF75D
:105D200003F80198406B40B1FFE740F24820C2F20F
:105D30000040416B04308847FFE7FFE7FFE7FFE7DC
:105D400006B080BD0000000080B586B005900491CB
:105D5000059800684AF20001C4F20001884219D196
:105D6000FFE7059840F28811C2F2004103910A1D35
:105D700001F12C034121FEF7D7FF0398406B40B19E
:105D8000FFE740F28810C2F20040416B04308847C0
:105D9000FFE745E0059800684AF20041C4F20001BF
:105DA000884219D1FFE7059840F2E811C2F200419C
:105DB00002910A1D01F12C034121FEF7B5FF029863
:105DC000406B40B1FFE740F2E810C2F20040416B87
:105DD00004308847FFE722E0059800684DF2004153
:105DE000C4F20001884219D1FFE7059840F248212A
:105DF000C2F2004101910A1D01F12C034121FEF77D
:105E000093FF0198406B40B1FFE740F24820C2F297
:105E10000040416B04308847FFE7FFE7FFE7FFE7FB
:105E200006B080BD0000000082B00090009890F89D
:105E30009800012811D1FFE70099022081F898000D
:105E400000980168886920F00100886100990020AD
:105E5000C1F89C008DF807000AE00099D1F89C0079
:105E600040F00400C1F89C0001208DF80700FFE716
:105E70009DF8070002B0704782B00190009102B017
:105E8000704700000000000082B00190009102B055
:105E9000704700000000000083B002900191009262
:105EA00003B070470000000082B00190009102B082
:105EB000704700000000000081B0009001B0704702
:105EC00081B0009001B0704782B00190009102B0A3
:105ED000704700000000000082B00190009102B005
:105EE000704700000000000082B00190009102B0F5
:105EF000704700000000000081B0009001B07047C2
:105F000081B0ADF8020001B0704700000000000051
:105F100080B582B0ADF806008820C5F600000068A4
:105F2000BDF8061008420BD0FFE7BDF80600882137
:105F3000C5F600010860BDF80600FFF7E1FFFFE7C6
:105F400002B080BD000000008FB00E900D910020C7
:105F50000C908020C5F600000990FFE70D980068BE
:105F60000C99C840002800F0C181FFE70D98006837
:105F70000C9A0121914008400B900B98002800F0EA
:105F8000B181FFE70D98406800F00300012807D0B9
:105F9000FFE70D98406800F0030002282FD1FFE7CB
:105FA0000E9880680A900C984100032000FA01F1D5
:105FB0000A9888430A900D98C0680C99490000FA25
:105FC00001F10A9808430A900A980E9988600E9881
:105FD00040680A900C99012000FA01F10A98884360
:105FE0000A900D984068C0F300100C9900FA01F176
:105FF0000A9808430A900A980E994860FFE70D989E
:10600000406800F00300032818D0FFE70E98C0682E
:106010000A900C984100032000FA01F10A98884385
:106020000A900D9880680C99490000FA01F10A98CD
:1060300008430A900A980E99C860FFE70D984068D7
:1060400000F00300022826D1FFE70E980C996FF0AC
:10605000030202EA51010844006A0A900C9800F019
:10606000070081000F2000FA01F10A9888430A9086
:106070000D9800690C9901F00701890000FA01F1FF
:106080000A9808430A900A980E990C9B02EA530258
:1060900011440862FFE70E9800680A900C984100CE
:1060A000032000FA01F10A9888430A900D9840688D
:1060B00000F003000C99490000FA01F10A98084326
:1060C0000A900A980E9908600D9880798007002838
:1060D00000F00781FFE7FFE744F2F440C5F6020055
:1060E000016841F002010160006800F002000890C0
:1060F0000898FFE70C9820F0030040F20841C5F62D
:10610000000140580A900C9800F0030081000F2015
:1061100000FA01F10A9888430A900E980021C5F60A
:106120000201884203D1FFE7002007906CE00E983F
:1061300040F20041C5F60201884203D1FFE7012089
:1061400006905EE00E9840F60001C5F60201884216
:1061500003D1FFE70220059050E00E9840F6004181
:10616000C5F60201884203D1FFE70320049042E014
:106170000E9841F20001C5F60201884203D1FFE703
:106180000420039034E00E9841F20041C5F602016C
:10619000884203D1FFE70520029026E00E9841F6E1
:1061A0000001C5F60201884203D1FFE706200190F5
:1061B00018E00E9841F60041C5F60201884203D16D
:1061C000FFE7072000900AE00E9942F20042C5F670
:1061D00002020A20914208BF09200090FFE70098C0
:1061E0000190FFE701980290FFE702980390FFE714
:1061F00003980490FFE704980590FFE70598069040
:10620000FFE706980790FFE707980C9901F0030154
:10621000890000FA01F10A9808430A900A980C993B
:1062200021F0030140F20842C5F6000288504FF009
:10623000B04000680A900B990A9888430A900D981C
:106240008079C006002805D5FFE70B990A98084316
:106250000A90FFE70A984FF0B04108600420C5F6A5
:10626000000000680A900B990A9888430A900D98DC
:1062700080798006002805D5FFE70B990A98084326
:106280000A90FFE70A980421C5F600010860099802
:1062900040680A900B990A9888430A900D98807973
:1062A0008007002805D5FFE70B990A9808430A9054
:1062B000FFE70A9809994860099800680A900B99C5
:1062C0000A9888430A900D988079C00728B1FFE7A3
:1062D0000B990A9808430A90FFE70A980999086001
:1062E000FFE7FFE70C9801300C9037E60FB07047DE
:1062F00082B00190ADF802108DF801209DF80100E8
:1063000028B1FFE7BDF802000199886105E0BDF8FA
:106310000200000401998861FFE702B070470000A5
:1063200043F2A870C2F2004000687047000000000D
:1063300040F2FA00C2F20040027843F2A871C2F2C1
:106340000041086810440860704700000000000029
:1063500080B582B0032000F0B7F803F015F844F2DE
:106360001842C5F602021168C1F3032347F28C01FB
:10637000C0F60101CB5C03F01F03D84000900098E9
:10638000126802F00F02895C01F01F01C84040F260
:106390002801C2F200410860009840F22401C2F2D4
:1063A000004108600F2000F013F820B1FFE7012042
:1063B0008DF8070005E000F04FF800208DF8070089
:1063C000FFE79DF8070002B080BD0000000000005C
:1063D00080B582B0009040F2FA00C2F2004000782E
:1063E00020B9FFE701208DF8070030E040F22400DB
:1063F000C2F20040006840F2FA01C2F200410A789D
:106400004FF47A71B1FBF2F1B0FBF1F003F04CFE06
:1064100020B1FFE701208DF8070018E000980F2851
:106420000DD8FFE700994FF0FF30002200F034F85C
:10643000009840F2FC01C2F20041086003E0012034
:106440008DF8070003E000208DF80700FFE79DF8B6
:10645000070002B080BD000081B0FFE744F2F440C5
:10646000C5F60200016841F002010160006800F019
:10647000020000900098FFE701B0704700000000A4
:1064800080B582B0ADF80600BDF9060010F08CFCB6
:1064900002B080BD0000000080B586B0ADF81600E7
:1064A0000491039210F098FC0290BDF9160001903F
:1064B00002980499039A06F097FC0146019810F09F
:1064C00093FC06B080BD000080B582B001900198B9
:1064D00010F0AEFC02B080BD82B00190019800685F
:1064E000009001990120C1F8D8040199002081F899
:1064F000CC04009A916941F000619161009A516D5C
:106500000323C1F200031943516502B07047000034
:1065100082B001908DF8031002B0704700000000B7
:1065200082B00190ADF80210BDF80200019909682F
:106530004862002002B0704784B003908DF80B10C1
:10654000ADF8082003980068406A00909DF80B00A1
:1065500048B9FFE7BDF80810009840EA01400399E8
:106560000968886233E003980068816A009800EB4C
:106570001140009000208DF80700FFE79DF807000C
:106580009DF80B100139884213D2FFE70398006889
:106590009DF8071000EB8100D0F80411009800EB83
:1065A00011400090FFE79DF8070001308DF80700CB
:1065B000E4E7BDF80810009840EA01400399096833
:1065C0009DF80B2001EB8201C1F80001FFE70020DC
:1065D00004B070470000000080B582B001900198BF
:1065E000D0F8E0040AF000FD02B080BD0000000019
:1065F00080B582B001908DF80310019AD2F8E004C2
:106600009DF8031001EBC10302EB8302126A0AF04A
:1066100047FB02B080BD000080B582B001908DF8CC
:106620000310019AD2F8E0049DF8031001EBC103B6
:1066300002EB8302D2F860220AF0FAFB02B080BDBE
:1066400080B582B001900198D0F8E0040AF0D4FC43
:1066500002B080BD0000000080B584B003908DF8CA
:106660000B109DF80B00000600280CD5FFE70398DF
:106670009DF80B1001F00F0101EBC10100EB81004F
:10668000143001900CE003989DF80B1001F00F01FD
:1066900001EBC10100EB810000F515700190FFE7EF
:1066A0000398006801990CF053FA8DF80A009DF8E0
:1066B0000A0004B080BD000080B584B002908DF85F
:1066C00007109DF80700000600280FD5FFE7029885
:1066D0009DF8071001F00F0101EBC10100EB8100F3
:1066E000143000900099012048700FE002989DF846
:1066F000071001F00F0101EBC10100EB810000F573
:1067000015700090009900204870FFE79DF8070081
:1067100000F00F0000990870FFE7029890F89404C9
:10672000012804D1FFE702208DF80F0014E0029940
:10673000012081F89404FFE7FFE7029800680099C0
:106740000BF0FEFCFFE70299002081F89404FFE7BC
:1067500000208DF80F00FFE79DF80F0004B080BD0A
:1067600080B584B002908DF807109DF8070000F006
:106770000F0002990979884204D9FFE701208DF8BA
:106780000F004DE09DF80700000600280FD5FFE739
:1067900002989DF8071001F00F0101EBC10100EB19
:1067A0008100143000900099012048700FE0029899
:1067B0009DF8071001F00F0101EBC10100EB810012
:1067C00000F515700090009900204870FFE70099CF
:1067D000002088709DF8070000F00F0000990870F5
:1067E000FFE7029890F89404012804D1FFE7022003
:1067F0008DF80F0014E00299012081F89404FFE75E
:10680000FFE70298006800990BF00AFFFFE7029982
:10681000002081F89404FFE700208DF80F00FFE7C7
:106820009DF80F0004B080BD82B001908DF8031078
:1068300001989DF8031001F00F0101EBC10100EB7D
:106840008100D0F8680202B070470000000000002C
:1068500080B586B004908DF80F10ADF80C208DF83F
:106860000B3000208DF80A009DF80F00000600286C
:106870000FD5FFE704989DF80F1001F00F0101EB11
:10688000C10100EB81001430019001990120487092
:106890000FE004989DF80F1001F00F0101EBC1010A
:1068A00000EB810000F515700190019900204870FF
:1068B000FFE79DF80F0000F00F0001990870BDF888
:1068C0000C00019988609DF80B00019908710198EE
:1068D000407820B1FFE7019908784883FFE79DF8E9
:1068E0000B00022804D1FFE7019900204871FFE75F
:1068F000FFE7049890F89404012804D1FFE70220F0
:106900008DF8170015E00499012081F89404FFE741
:10691000FFE70498006801990BF0D6FAFFE70499A5
:10692000002081F89404FFE79DF80A008DF8170015
:10693000FFE79DF8170006B080BD000000000000D2
:1069400080B586B005908DF81310039202930598D8
:106950009DF8131001F00F0101EBC10100EB810064
:1069600000F51570019003980199C860029801998B
:106970000861019900204861019948709DF8130051
:1069800000F00F000199087005988079012804D162
:10699000FFE703980199C861FFE7059A106801991C
:1069A00092790BF0E1FE002006B080BD00000000EF
:1069B00080B584B002908DF807109DF8070000F0B4
:1069C0000F0002990979884204D9FFE701208DF868
:1069D0000F0058E09DF80700000600280FD5FFE7DC
:1069E00002989DF8071001F00F0101EBC10100EBC7
:1069F0008100143000900099012048700DE0029849
:106A00009DF8071001EBC10100EB810000F5157046
:106A10000090009900204870FFE7009901208870DD
:106A20009DF8070000F00F0000990870FFE702983A
:106A300090F89404012804D1FFE702208DF80F009C
:106A400021E00299012081F89404FFE7FFE7029812
:106A5000006800990BF034FE9DF80700000740B96C
:106A6000FFE7029A1068917902F29C420BF088FDD0
:106A7000FFE7FFE70299002081F89404FFE7002078
:106A80008DF80F00FFE79DF80F0004B080BD0000F7
:106A900080B586B005908DF8131003920293059887
:106AA0009DF8131001F00F0101EBC10100EB810013
:106AB0001430019003980199C86002980199086107
:106AC0000199002048610199012048709DF8130048
:106AD00000F00F000199087005988079012804D111
:106AE000FFE703980199C861FFE7059A10680199CB
:106AF00092790BF039FE002006B080BD0000000046
:106B000080B58CB00B900B9800680A900A98099099
:106B10000B9800680CF05CF9002840F03384FFE724
:106B20000B9800680CF0D4F910B9FFE700F02ABC0C
:106B30000998D0F80808C0F30D200B99C1F8D404C7
:106B40000B9800680CF0C4F98007002807D5FFE710
:106B50000B980168486900F002004861FFE70B9854
:106B600000680CF0B5F9C006002862D5FFE70B9865
:106B70000168886920F0100088610A98006A029014
:106B80000B98029901F00F0101EBC10100EB8100AC
:106B900000F515700890029800F4F0110220B0EB97
:106BA000514F23D1FFE7BDF8080047F6F0710842C6
:106BB0001BD0FFE70A980899C968029AC2F30A1223
:106BC0000CF096F9029847F6F07100EA0103089A72
:106BD000D06800EB1310D060029800EA0102089917
:106BE000486900EB12104861FFE71BE0029800F4CF
:106BF000F0110620B0EB514F12D1FFE70A980B9924
:106C000001F29C4108220CF073F9029847F6F071EA
:106C100000EA01020899486900EB1210486100E09F
:106C2000FFE7FFE70B980168886940F01000886172
:106C3000FFE70B9800680CF04BF90003002840F1C7
:106C4000A680FFE7002004900B9800680CF0ECF899
:106C50000690FFE70698002800F09880FFE79DF86F
:106C60001800C007002800F08A80FFE70B98006832
:106C70009DF810100CF014F905909DF81400C00751
:106C800060B1FFE70998049900EB41110120C1F8B8
:106C9000080B0B98049906F02FF9FFE79DF81400F4
:106CA000000700280CD5FFE70998049900EB411173
:106CB0000820C1F8080B0B98049906F0D5F8FFE7F7
:106CC0009DF81400C006002808D5FFE7099804992C
:106CD00000EB41111020C1F8080BFFE79DF81400EC
:106CE000800700282DD5FFE70A9840690006002894
:106CF00008D5FFE70999D1F8040840F48060C1F88D
:106D00000408FFE70B98049901EBC10100EB810037
:106D100000F5157008900898C078012809D1FFE7A0
:106D200008990020C8700B989DF8101000F03CFBEB
:106D3000FFE70998049900EB41110220C1F8080B04
:106D4000FFE79DF814008006002808D5FFE70998A2
:106D5000049900EB41112020C1F8080BFFE79DF8D2
:106D600015008006002809D5FFE70998049900EB73
:106D700041114FF40050C1F8080BFFE7FFE70498FA
:106D80000130049006984008069063E7FFE70B98EF
:106D900000680CF09DF84003002840F1C680FFE732
:106DA0000B9800680CF02CF8069000200490FFE788
:106DB0000698002800F0B880FFE79DF81800C0078B
:106DC000002800F0AA80FFE70B9800689DF81010DB
:106DD0000CF03EF805909DF81400C00700283ED046
:106DE000FFE7049800F00F01012000FA01F1039180
:106DF000039B099AD2F834189943C2F834180999B8
:106E0000049A01EB4211C1F808090B988079012816
:106E10001FD1FFE70B98049901EBC10100EB810141
:106E2000CA69086A10440862049888B9FFE70B9899
:106E3000049901EBC10100EB8100406A40B9FFE712
:106E40000B99086801F29C4201210BF099FBFFE7C6
:106E5000FFE70B989DF81010FFF7CAFBFFE79DF8BE
:106E600014000007002808D5FFE70998049900EBF3
:106E700041110820C1F80809FFE79DF81400C00679
:106E8000002808D5FFE70998049900EB411110206C
:106E9000C1F80809FFE79DF814004006002808D54E
:106EA000FFE70998049900EB41114020C1F8080957
:106EB000FFE79DF814008007002822D5FFE70A9815
:106EC00004990BF01DFF0B98049901EBC10100EB35
:106ED0008100143008900898C078012809D1FFE794
:106EE00008990020C8700B989DF8101000F04CFA1B
:106EF000FFE70998049900EB41110220C1F8080945
:106F0000FFE79DF814000006002805D5FFE70B9861
:106F1000049906F0D5F8FFE7FFE7049801300490E4
:106F200006984008069043E7FFE70B9800680BF0CF
:106F3000CFFFC00F00B3FFE70999D1F8040820F094
:106F40000100C1F804080B9890F8CC04012808D17E
:106F5000FFE70B98002180F8CC140B98FFF7D8FAC4
:106F600003E00B9800F0B8FBFFE70B980168486955
:106F700000F000404861FFE70B9800680BF0A8FFA5
:106F80000005002811D5FFE70998D0F80808C007C8
:106F900020B1FFE70B9800F033FCFFE70B98016886
:106FA000486900F400604861FFE70B9800680BF047
:106FB0008FFF0001002820D5FFE70B980168486982
:106FC00000F0006048610B9890F8CC0480B9FFE7AE
:106FD0000B98012180F8CC140B980068406DC0F329
:106FE00083000B9AC2F8D0040B98FFF791FA03E0E4
:106FF0000B9800F005FCFFE7FFE70B9800680BF02B
:1070000067FFC004002840F18680FFE70999D1F8A6
:10701000040820F00100C1F804080B980068102152
:107020000BF06EFE00200790FFE707980B99097997
:10703000884231D2FFE70998079900EB41114FF6DA
:107040007F30C1F808090999079A01EB4212D2F87A
:10705000001921F40011C2F800190999079A01EBEF
:107060004211C1F8080B0998079900EB4111D1F8BA
:10707000000B20F40010C1F8000B0998079900EBF1
:107080004111D1F8000B40F00060C1F8000BFFE7A0
:10709000079801300790C8E70999D1F81C0840F01B
:1070A0000110C1F81C080B98C07B78B1FFE7099963
:1070B000D1F8840840F00B00C1F884080999D1F890
:1070C000440840F00B00C1F844080FE00999D1F8DA
:1070D000140842F22B021043C1F814080999D1F8A0
:1070E000100840F00B00C1F81008FFE70999D1F82B
:1070F000000820F4FE60C1F800080B9A106891792E
:1071000002F29C420BF03CFA0B980168486900F4CB
:1071100080504861FFE70B9800680BF0D9FE8004AF
:1071200000281FD5FFE70B9800680AF03DFF0B9879
:1071300000680BF025FE0B99C8710B980068019050
:1071400002F0CEF8014601980B9AD2790BF0CCFFF1
:107150000B9800F095FA0B980168486900F400500C
:107160004861FFE70B9800680BF0B2FE00070028AB
:107170000AD5FFE70B9800F0BBFA0B980168486945
:1071800000F008004861FFE70B9800680BF0A0FED4
:107190000006002825D5FFE70A99886920F08000BD
:1071A000886101200490FFE704980B9909798842CF
:1071B00016D2FFE70B98049901EBC10100EB8100A7
:1071C00090F85702012806D1FFE70B989DF81010A0
:1071D000FFF742FAFFE7FFE7049801300490E3E786
:1071E000FFE70B9800680BF073FEC00200283CD547
:1071F000FFE701200490FFE704980B990979884282
:107200002CD2FFE70998049900EB4110D0F800094F
:1072100002900B98049901EBC10100EB8100007E04
:10722000012816D1FFE79DF80B000006002810D5B5
:10723000FFE70B98049901EBC10100EB81010120EC
:10724000C8750B989DF8101041F08001FFF704FA03
:10725000FFE7FFE7049801300490CDE70B98016841
:10726000486900F480104861FFE70B9800680BF054
:107270002FFE8002002855D5FFE701200490FFE78C
:1072800004980B990979884245D2FFE70998049937
:1072900000EB4110D0F8000B02900B98049901EB21
:1072A000C10100EB810090F8580201282ED1FFE7C0
:1072B0009DF80B000006002828D5FFE7029800F48F
:1072C00080300B99D1F8D41401F0010188421DD10E
:1072D000FFE70B98049901EBC10100EB810101204C
:1072E00081F857020A99886940F0800088610A98FD
:1072F00040690006002808D4FFE70999D1F804087E
:1073000040F40070C1F8040805E0FFE7FFE70498C7
:1073100001300490B4E70B980168486900F400104C
:107320004861FFE70B9800680BF0D2FD4000002891
:107330000AD5FFE70B98FFF74FF90B9801684869EA
:1073400000F080404861FFE70B9800680BF0C0FD3B
:107350004007002815D5FFE70B98006840680290A9
:107360009DF808004007002804D5FFE70B98FFF7B9
:1073700067F9FFE7029A0B98016848681043486074
:10738000FFE7FFE70CB080BD80B582B001908DF8BB
:1073900003100198D0F8E0049DF8031009F0D0FE26
:1073A00002B080BD0000000080B582B001908DF871
:1073B00003100198D0F8E0049DF8031009F0F8FEDE
:1073C00002B080BD0000000080B58CB00A900A9821
:1073D00020B9FFE701208DF82F000EE10A9890F800
:1073E000950440B9FFE70A99002081F894040A98AF
:1073F00000F00AF9FFE70A99032081F895040A983A
:1074000000680BF0B1F80A9B1868197C8DF8201001
:1074100059689A68DB680793069205910599069A60
:10742000079BDDF820C0EE46CEF800C00AF0D4FD80
:1074300040B1FFE70A99022081F8950401208DF8F8
:107440002F00DAE00A98006800210BF0ADFD40B192
:10745000FFE70A99022081F8950401208DF82F009A
:10746000CBE000208DF82700FFE79DF827000A9960
:107470000979884241DAFFE70A989DF8271001EB65
:10748000C10100EB8101012048759DF827000A9990
:1074900000EBC00201EB820108759DF827000A99F4
:1074A00000EBC00201EB8201C8850A989DF8271005
:1074B00001EBC10100EB8101002008760A999DF8DB
:1074C000272002EBC20201EB8201C8610A999DF8F4
:1074D000272002EBC20201EB820108620A999DF8A3
:1074E000272002EBC20201EB82014862FFE79DF810
:1074F000270001308DF82700B7E700208DF827001E
:10750000FFE79DF827000A99097988423EDAFFE7EC
:107510000A989DF8271001EBC10100EB81010020C2
:1075200081F855029DF827100A9A01EBC10302EB7E
:10753000830282F854120A999DF8272002EBC202B6
:1075400001EB820181F858020A999DF8272002EB8D
:10755000C20201EB8201C1F85C020A999DF8272062
:1075600002EBC20201EB8201C1F860020A999DF8A8
:10757000272002EBC20201EB8201C1F86402FFE79F
:107580009DF8270001308DF82700BAE70A9B18689C
:10759000197C8DF8101059689A68DB680393029281
:1075A00001910199029A039BDDF810C0EE46CEF8D6
:1075B00000C00AF091FE40B1FFE70A99022081F86D
:1075C000950401208DF82F0017E00A9900204874D7
:1075D0000A99012081F895040A98007B012804D1BA
:1075E000FFE70A98FEF778FFFFE70A9800680AF0BD
:1075F0005BFE00208DF82F00FFE79DF82F000CB0F8
:1076000080BD00000000000080B5B2B0319002A83B
:10761000B821F8F7D2FF319800680021C4F20401C4
:1076200088422BD1FFE7002003904FF48020029086
:107630004FF44010239002A800F00EFC18B1FFE7B1
:10764000F9F74EFEFFE700F04FF9FFE744F2D840AC
:10765000C5F60200016841F000710160006800F0A9
:10766000007001900198FFE74D2000900621002254
:10767000FEF712FF0098FEF703FFFFE732B080BD70
:1076800080B582B0019001208DF803000198C07987
:1076900020B9FFE700208DF803000CE00198C079C5
:1076A000022804D1FFE701208DF8030002E0F9F77A
:1076B00017FEFFE7FFE70198D0F8E0049DF80310FC
:1076C00009F07EFE0198D0F8E00409F0F5FD02B063
:1076D00080BD00000000000080B582B001900198DC
:1076E000D0F8E00409F038FE02B080BD00000000D0
:1076F00080B582B001900198D0F8E00409F040FE16
:1077000002B080BD0000000080B584B002908DF80A
:107710000710FFE7029890F89404012804D1FFE7CE
:1077200002208DF80F0019E00299012081F89404DD
:10773000FFE7FFE79DF80700029948740298006888
:107740009DF807100BF0A0FCFFE70299002081F8DC
:107750009404FFE700208DF80F00FFE79DF80F006D
:1077600004B080BD0000000080B582B00190019996
:10777000D1F8E00401F29C4109F04EFE02B080BD58
:1077800080B584B00290029800680190FFE70298EB
:1077900090F89404012804D1FFE702208DF80F002F
:1077A00028E00299012081F89404FFE7FFE701989F
:1077B000C068400600280BD5FFE70298407B0128EF
:1077C00006D1FFE70199886B40F480308863FFE7BA
:1077D000029800680BF04CFA029800680AF04CFD21
:1077E000FFE70299002081F89404FFE700208DF85C
:1077F0000F00FFE79DF80F0004B080BD00000000FF
:1078000080B582B001900198D0F8E00409F08CFEB8
:1078100001980168D1F8000E40F00100C1F8000E97
:107820000198C07A48B1FFE74EF61051CEF2000140
:10783000086840F006000860FFE702B080BD000065
:1078400080B584B0029044F60C00C5F602000068D2
:1078500000F004010020B0EB910F13D1FFE744F6D4
:107860000C00C5F60200006800F00700029988428B
:1078700004D0FFE701208DF80F002EE000208DF8E6
:107880000F002AE044F60C01C5F60201086820F05A
:107890000700029A10430860FEF742FD0190FFE7DF
:1078A00044F60400C5F60200006800F40051002010
:1078B000B0EB513F0DD1FFE7FEF732FD0199401AC1
:1078C000B0F57A7F04D9FFE701208DF80F0004E0BE
:1078D000E6E700208DF80F00FFE79DF80F0004B0E9
:1078E00080BD00000000000044F60C01C5F6020156
:1078F000086840F0807008607047000000000000D9
:1079000080B501F0EDFC44F22041C5F602010968A2
:10791000C1F3021247F28C01C0F60101895C01F04B
:107920001F01C84080BD000088B0079044F2284085
:10793000C5F60200016801F0030106910068C0F37A
:107940000530059044F22C40C5F602000068C0F3F3
:1079500000100490049844F23C41C5F60201096805
:1079600089B2C908484300EE100AB8EE400A8DED0E
:10797000020A0598002800F01181FFE706980090A0
:1079800048B1FFE70098012865D0FFE7009802287A
:1079900000F08380A3E044F20040C5F602000068D6
:1079A00000F020010020B0EB511F31D0FFE744F27E
:1079B0000040C5F602000068C0F3C10149F20000B2
:1079C000C0F2D030C84003909DED030AB8EE400AE3
:1079D0009DED051AB8EE411A80EE010A44F23840D6
:1079E000C5F6020000686FF35F2001EE100AB8EEE2
:1079F000411A9DED022A9FED6F3A02EE031AB7EE8F
:107A0000002A31EE021A20EE010A8DED010A21E072
:107A10009DED050AB8EE401A9FED680A80EE010A56
:107A200044F23840C5F6020000686FF35F2001EEB3
:107A3000100AB8EE411A9DED022A9FED5E3A02EE61
:107A4000031AB7EE002A31EE021A20EE010A8DED7C
:107A5000010AFFE765E09DED050AB8EE401A9FEDCB
:107A6000560A80EE010A44F23840C5F6020000686A
:107A70006FF35F2001EE100AB8EE411A9DED022A65
:107A80009FED4C3A02EE031AB7EE002A31EE021ACD
:107A900020EE010A8DED010A43E09DED050AB8EEE6
:107AA000401A9FED430A80EE010A44F23840C5F6C1
:107AB000020000686FF35F2001EE100AB8EE411A71
:107AC0009DED022A9FED3B3A02EE031AB7EE002A23
:107AD00031EE021A20EE010A8DED010A21E09DED42
:107AE000050AB8EE401A9FED340A80EE010A44F20E
:107AF0003840C5F6020000686FF35F2001EE100AFF
:107B0000B8EE411A9DED022A9FED2A3A02EE031AC1
:107B1000B7EE002A31EE021A20EE010A8DED010ABD
:107B2000FFE79DED010A44F23840C5F60200016806
:107B300089B2490A01EE101AB8EE411AB7EE002ACE
:107B400031EE021A80EE010A0799BCEEC00A81EDFF
:107B5000000A9DED010A0168C1F3064101EE101A09
:107B6000B8EE411A31EE021A80EE010A0799BCEE16
:107B7000C00A81ED010A9DED010A0068C0F30660AC
:107B800001EE100AB8EE411A31EE021A80EE010A37
:107B90000798BCEEC00A80ED020A07E007990020B2
:107BA00008600799486007998860FFE708B0704748
:107BB000001BB74B000000390024744A0024744CA9
:107BC00088B0079044F22840C5F60200016801F031
:107BD000030106910068C0F30550059044F22C4063
:107BE000C5F602000068C0F300200490049844F237
:107BF0004441C5F60201096889B2C908484300EE4C
:107C0000100AB8EE400A8DED020A0598002800F02F
:107C10001181FFE70698009048B1FFE7009801281E
:107C200065D0FFE70098022800F08380A3E044F2CB
:107C30000040C5F60200006800F020010020B0EB13
:107C4000511F31D0FFE744F20040C5F60200006842
:107C5000C0F3C10149F20000C0F2D030C840039027
:107C60009DED030AB8EE400A9DED051AB8EE411AE3
:107C700080EE010A44F24040C5F6020000686FF34E
:107C80005F2001EE100AB8EE411A9DED022A9FED29
:107C90006F3A02EE031AB7EE002A31EE021A20EE16
:107CA000010A8DED010A21E09DED050AB8EE401AAA
:107CB0009FED680A80EE010A44F24040C5F60200DA
:107CC00000686FF35F2001EE100AB8EE411A9DEDD7
:107CD000022A9FED5E3A02EE031AB7EE002A31EE59
:107CE000021A20EE010A8DED010AFFE765E09DED25
:107CF000050AB8EE401A9FED560A80EE010A44F2DA
:107D00004040C5F6020000686FF35F2001EE100AE4
:107D1000B8EE411A9DED022A9FED4C3A02EE031A8D
:107D2000B7EE002A31EE021A20EE010A8DED010AAB
:107D300043E09DED050AB8EE401A9FED430A80EE40
:107D4000010A44F24040C5F6020000686FF35F206C
:107D500001EE100AB8EE411A9DED022A9FED3B3A62
:107D600002EE031AB7EE002A31EE021A20EE010AE3
:107D70008DED010A21E09DED050AB8EE401A9FED58
:107D8000340A80EE010A44F24040C5F60200006861
:107D90006FF35F2001EE100AB8EE411A9DED022A42
:107DA0009FED2A3A02EE031AB7EE002A31EE021ACC
:107DB00020EE010A8DED010AFFE79DED010A44F274
:107DC0004040C5F60200016889B2490A01EE101A66
:107DD000B8EE411AB7EE002A31EE021A80EE010A1F
:107DE0000799BCEEC00A81ED000A9DED010A016809
:107DF000C1F3064101EE101AB8EE411A31EE021A33
:107E000080EE010A0799BCEEC00A81ED010A9DEDE2
:107E1000010A0068C0F3066001EE100AB8EE411ACC
:107E200031EE021A80EE010A0798BCEEC00A80ED1E
:107E3000020A07E00799002008600799486007993F
:107E40008860FFE708B07047001BB74B000000399F
:107E50000024744A0024744C80B59AB01890002015
:107E60008DF857008DF856001898C0780007002844
:107E700048D5FFE71898406E149078B1FFE7149842
:107E8000B0F5801F13D0FFE71498B0F5001F16D08F
:107E9000FFE71498B0F5401F19D019E044F22C41C7
:107EA000C5F60201086840F40030086014E0189834
:107EB0000830022105F0A4F98DF857000CE018985D
:107EC0002830022105F084FA8DF8570004E003E021
:107ED00001208DF85700FFE79DF8570060B9FFE7D4
:107EE00044F25041C5F60201086820F44010189A87
:107EF000526E1043086004E09DF857008DF856005C
:107F0000FFE7FFE718984078C007002840D0FFE758
:107F10001898806D1390042820D81399DFE801F099
:107F2000030C141C1D0044F22C41C5F60201086824
:107F300040F40030086015E018980830002105F082
:107F40005FF98DF857000DE018982830002105F0F2
:107F50003FFA8DF8570005E004E003E001208DF8BA
:107F60005700FFE79DF8570060B9FFE744F2504122
:107F7000C5F60201086820F00700189A926D1043B8
:107F8000086004E09DF857008DF85600FFE7FFE712
:107F9000189840784007002856D5FFE71898D0F881
:107FA000A4001290C8B1FFE71298B0F5001F1DD0D1
:107FB000FFE71298B0F5800F20D0FFE71298B0F5D8
:107FC000C00F23D0FFE71298B0F5000F1FD0FFE7D6
:107FD0001298B0F5200F1BD01BE044F22C41C5F6DF
:107FE0000201086840F40030086016E01898083074
:107FF000002105F005F98DF857000EE0189828309B
:10800000002105F0E5F98DF8570006E005E004E0F1
:1080100003E001208DF85700FFE79DF8570068B98D
:10802000FFE744F25841C5F60201086820F46000F9
:10803000189AD2F8A4201043086004E09DF8570075
:108040008DF85600FFE7FFE71898407800070028F2
:1080500056D5FFE71898D0F8A8001190C8B1FFE7EF
:108060001198B0F1807F1DD0FFE71198B0F1007F2B
:1080700020D0FFE71198B0F1407F23D0FFE711989F
:10808000B0F1806F1FD0FFE71198B0F1A06F1BD047
:108090001BE044F22C41C5F60201086840F40030B0
:1080A000086016E018980830002105F0A9F88DF84E
:1080B00057000EE018982830002105F089F98DF856
:1080C000570006E005E004E003E001208DF85700CA
:1080D000FFE79DF8570068B9FFE744F25841C5F63D
:1080E0000201086820F0E060189AD2F8A820104336
:1080F000086004E09DF857008DF85600FFE7FFE7A1
:108100001898C078800700283ED5FFE71898C06C03
:108110001090F0B1FFE71098102808D0FFE71098F2
:1081200020280DD0FFE71098302811D012E044F23B
:108130002C41C5F60201086840F4003008600DE0EB
:1081400018980830022105F05BF88DF8570005E01B
:1081500004E003E001208DF85700FFE79DF8570089
:1081600060B9FFE744F24C41C5F60201086820F00F
:108170003000189AD26C1043086004E09DF8570054
:108180008DF85600FFE7FFE718984078C0060028F2
:108190004ED5FFE71898C06D0F90A0B1FFE70F987C
:1081A000B0F5805F18D0FFE70F98B0F5005F1BD0E7
:1081B000FFE70F98B0F5405F1ED0FFE70F98B0F5CE
:1081C000804F1AD01AE044F22C41C5F6020108682B
:1081D00040F40030086015E018980830002105F0E0
:1081E0000FF88DF857000DE018982830002105F0A1
:1081F000EFF88DF8570005E004E003E001208DF86A
:108200005700FFE79DF8570060B9FFE744F250417F
:10821000C5F60201086820F4E040189AD26D1043B8
:10822000086004E09DF857008DF85600FFE7FFE76F
:1082300018984078800600284CD5FFE71898006E03
:108240000E90C8B1FFE70E98B0F5803F15D0FFE75C
:108250000E98B0F5003F18D0FFE70E98B0F5403FFC
:108260001BD0FFE70E98B0F5802F17D0FFE70E98D0
:10827000B0F5A02F13D013E016E0189808300121B4
:1082800004F0BEFF8DF857000EE018982830012149
:1082900005F09EF88DF8570006E005E004E003E0E5
:1082A00001208DF85700FFE79DF8570060B9FFE700
:1082B00044F25041C5F60201086820F4E020189A03
:1082C000126E1043086004E09DF857008DF85600C8
:1082D000FFE7FFE718984078400600284ED5FFE7F3
:1082E0001898D0F8AC000D90C8B1FFE70D98B0F128
:1082F000805F15D0FFE70D98B0F1005F18D0FFE761
:108300000D98B0F1405F1BD0FFE70D98B0F1804FA2
:1083100017D0FFE70D98B0F1A04F13D013E016E08F
:1083200018980830012104F06BFF8DF857000EE01B
:1083300018982830012105F04BF88DF8570006E019
:1083400005E004E003E001208DF85700FFE79DF809
:10835000570068B9FFE744F25841C5F602010868C2
:1083600020F0E040189AD2F8AC201043086004E0F6
:108370009DF857008DF85600FFE7FFE71898407802
:10838000000600283BD5FFE71898C06E0C90D8B1C6
:10839000FFE70C98B0F1805F05D0FFE70C98B0F1D3
:1083A000005F09D011E044F22C41C5F602010868D3
:1083B00040F4003008600CE018980830012104F007
:1083C0001FFF8DF8570004E003E001208DF85700EF
:1083D000FFE79DF8570060B9FFE744F25041C5F64A
:1083E0000201086820F04050189AD26E10430860CD
:1083F00004E09DF857008DF85600FFE7FFE7189856
:10840000C078C007002837D0FFE71898806C0B9021
:10841000032817D80B99DFE801F014020B1344F27C
:108420002C41C5F60201086840F4003008600DE0F8
:1084300018980830022104F0E3FE8DF8570005E09B
:1084400004E003E001208DF85700FFE79DF8570096
:1084500060B9FFE744F24C41C5F60201086820F01C
:108460000300189A926C1043086004E09DF85700CE
:108470008DF85600FFE7FFE718988078400600283F
:1084800040F1B480FFE744F60001C5F60201086838
:1084900040F480700860FDF743FF1690FFE744F654
:1084A0000000C5F602000068C00500280CD4FFE7F4
:1084B000FDF736FF1699401A652804D3FFE703201D
:1084C0008DF8570000E0EAE79DF85700002840F0DB
:1084D0008780FFE744F27040C5F60200006800F4B0
:1084E00040701899D1F8B01001F44071884213D04F
:1084F000FFE744F27041C5F60201086820F44070BD
:108500001790086840F480300860086820F48030D4
:10851000086017980860FFE71898D0F8B000B0F529
:10852000807F1FD1FFE7FDF7FBFE1690FFE744F2C7
:108530007040C5F60200006800F002010020B0EBB8
:10854000510F0ED1FFE7FDF7EBFE1699401A41F2ED
:108550008931884204D3FFE703208DF8570000E0FB
:10856000E5E7FFE79DF85700A0BBFFE7FFE7189896
:10857000D0F8B00000F44070B0F5407F13D1FFE7B1
:1085800044F21041C5F60201086820F47C50189AA4
:10859000D2F8B0204FF6F043C0F6FF731A4040EA1D
:1085A0001210086008E044F21041C5F602010868A4
:1085B00020F47C500860FFE71898D0F8B0206FF3E3
:1085C0001F3244F27041C5F602010868104308608A
:1085D000FFE704E09DF857008DF85600FFE704E040
:1085E0009DF857008DF85600FFE7FFE718980068E0
:1085F000C007002800F04C80FFE71898806F0A90B1
:1086000028282BD80A99DFE801F0152929292929DA
:10861000292916292929292929291E2929292929E8
:1086200029292629292929292929272929292929BF
:108630002929280016E018980830012104F0E0FDEF
:108640008DF857000EE018982830012104F0C0FE84
:108650008DF8570006E005E004E003E001208DF806
:108660005700FFE79DF8570060B9FFE744F2544117
:10867000C5F60201086820F03800189A926F10437E
:10868000086004E09DF857008DF85600FFE7FFE70B
:10869000189800788007002839D5FFE71898406FB0
:1086A0000990052819D80999DFE801F003040C1492
:1086B000151616E018980830012104F0A1FD8DF878
:1086C00057000EE018982830012104F081FE8DF843
:1086D000570006E005E004E003E001208DF85700B4
:1086E000FFE79DF8570060B9FFE744F25441C5F633
:1086F0000201086820F00700189A526F10430860C2
:1087000004E09DF857008DF85600FFE7FFE7189842
:108710000078400700283BD5FFE71898D0F8900074
:108720000890052819D80899DFE801F003040C1413
:10873000151616E018980830012104F061FD8DF837
:1087400057000EE018982830012104F041FE8DF802
:10875000570006E005E004E003E001208DF8570033
:10876000FFE79DF8570068B9FFE744F25841C5F6A6
:108770000201086820F00700189AD2F890201043F0
:10878000086004E09DF857008DF85600FFE7FFE70A
:1087900018980078800600284ED5FFE71898D0F882
:1087A0008C000790C8B1FFE70798B0F1805F15D043
:1087B000FFE70798B0F1005F18D0FFE70798B0F126
:1087C000405F1BD0FFE70798B0F1804F17D0FFE75D
:1087D0000798B0F1A04F13D013E016E018980830B6
:1087E000002104F00DFD8DF857000EE01898283098
:1087F000022104F0EDFD8DF8570006E005E004E0ED
:1088000003E001208DF85700FFE79DF8570068B995
:10881000FFE744F25441C5F60201086820F0E04049
:10882000189AD2F88C201043086004E09DF8570095
:108830008DF85600FFE7FFE71898007840060028FB
:108840004ED5FFE71898D0F898000690C8B1FFE71A
:108850000698B0F5806F15D0FFE70698B0F5006F69
:1088600018D0FFE70698B0F5406F1BD0FFE70698D9
:10887000B0F5805F17D0FFE70698B0F5A05F13D082
:1088800013E016E018980830002104F0B9FC8DF8C8
:1088900057000EE018982830022104F099FD8DF859
:1088A000570006E005E004E003E001208DF85700E2
:1088B000FFE79DF8570068B9FFE744F25841C5F655
:1088C0000201086820F4E050189AD2F8982010436A
:1088D000086004E09DF857008DF85600FFE7FFE7B9
:1088E00018980078000600284ED5FFE71898D0F8B1
:1088F0009C000590C8B1FFE70598B0F5005F15D062
:10890000FFE70598B0F5804F18D0FFE70598B0F560
:10891000C04F1BD0FFE70598B0F5004F17D0FFE719
:108920000598B0F5204F13D013E016E018980830E2
:10893000002104F065FC8DF857000EE018982830EF
:10894000022104F045FD8DF8570006E005E004E043
:1089500003E001208DF85700FFE79DF8570068B944
:10896000FFE744F25841C5F60201086820F4604070
:10897000189AD2F89C201043086004E09DF8570034
:108980008DF85600FFE7FFE71898007800070028E9
:1089900020D5FFE71898D0F88000B0F5805F0CD1A3
:1089A000FFE718982830022104F012FD20B1FFE7FC
:1089B00001208DF85600FFE7FFE744F25441C5F669
:1089C0000201086820F44050189AD2F88020104321
:1089D0000860FFE718980078C006002820D5FFE758
:1089E0001898D0F89400B0F5807F0CD1FFE7189864
:1089F0002830022104F0ECFC20B1FFE701208DF8C3
:108A00005600FFE7FFE744F25841C5F60201086847
:108A100020F44070189AD2F8942010430860FFE7C1
:108A200018988078000700283CD5FFE71898D0F800
:108A3000A000049050B1FFE70498B0F5803F0DD03E
:108A4000FFE70498B0F5003F10D010E01898083008
:108A5000002104F0D5FB8DF857000CE01898283061
:108A6000022104F0B5FC8DF8570004E003E001207A
:108A70008DF85700FFE79DF8570068B9FFE744F20B
:108A80005841C5F60201086820F44030189AD2F81F
:108A9000A0201043086004E09DF857008DF85600B0
:108AA000FFE7FFE718988078400700283FD5FFE7E9
:108AB0001898D0F884000390B0F5801F0AD0FFE723
:108AC0000398B0F5001F0ED0FFE70398B0F5401FE4
:108AD00011D011E044F22C41C5F60201086840F4BF
:108AE000003008600CE018982830012104F070FC78
:108AF0008DF8570004E003E001208DF85700FFE7F0
:108B00009DF8570068B9FFE744F25441C5F60201E9
:108B1000086820F44010189AD2F8842010430860A6
:108B200004E09DF857008DF85600FFE7FFE718981E
:108B30008078C007A8B3FFE71898006D029028B1AD
:108B4000FFE70298B0F5803F09D010E044F22C41D5
:108B5000C5F60201086840F4003008600BE0189880
:108B60000830022104F04CFB8DF8570003E001208F
:108B70008DF85700FFE79DF8570060B9FFE744F212
:108B80004C41C5F60201086820F48030189A126D35
:108B90001043086004E09DF857008DF85600FFE789
:108BA000FFE71898C078800600280CD5FFE71898D2
:108BB0002830022104F00CFC20B1FFE701208DF8E1
:108BC0005600FFE7FFE718988078800700283AD51D
:108BD000FFE71898C06F0190D0B1FFE70198B0F59A
:108BE000807F0AD0FFE70198B0F5007F0ED0FFE745
:108BF0000198B0F5407F0AD00BE044F22C41C5F655
:108C00000201086840F40030086006E005E004E076
:108C100003E001208DF85700FFE79DF8570060B989
:108C2000FFE744F25441C5F60201086820F44070A1
:108C3000189AD26F1043086004E09DF857008DF831
:108C40005600FFE7FFE718988078C00600280CD58B
:108C5000FFE744F25041C5F60201086820F00040E9
:108C6000189A126F10430860FFE718988078800602
:108C700000280CD5FFE744F25041C5F60201086810
:108C800020F08070189A926E10430860FFE71898E1
:108C9000C0784006002811D5FFE7FFE744F21041F5
:108CA000C5F60201086820F4004008601898D0F862
:108CB000B420086810430860FFE7FFE71898C07801
:108CC000000600280CD5FFE744F24C41C5F602012E
:108CD000086820F04050189A526D10430860FFE772
:108CE00018988078000600280DD5FFE744F254411B
:108CF000C5F60201086820F44000189AD2F88820CE
:108D000010430860FFE718980079C00790B1FFE7AB
:108D100018980830002104F073FA8DF857009DF878
:108D2000570008B9FFE704E09DF857008DF856009A
:108D3000FFE7FFE7189800798007002812D5FFE7C2
:108D400018980830012104F05BFA8DF857009DF85F
:108D5000570008B9FFE704E09DF857008DF856006A
:108D6000FFE7FFE7189800794007002812D5FFE7D2
:108D700018980830022104F043FA8DF857009DF846
:108D8000570008B9FFE704E09DF857008DF856003A
:108D9000FFE7FFE7189800790007002812D5FFE7E2
:108DA00018982830002104F013FB8DF857009DF827
:108DB000570008B9FFE704E09DF857008DF856000A
:108DC000FFE7FFE718980079C006002812D5FFE7F3
:108DD00018982830012104F0FBFA8DF857009DF80F
:108DE000570008B9FFE704E09DF857008DF85600DA
:108DF000FFE7FFE7189800798006002812D5FFE703
:108E000018982830022104F0E3FA8DF857009DF8F5
:108E1000570008B9FFE704E09DF857008DF85600A9
:108E2000FFE7FFE79DF8560020B9FFE700208DF827
:108E3000670003E001208DF86700FFE79DF86700F9
:108E40001AB080BD0000000080B586B00490039188
:108E5000049820B9FFE701208DF817003CE2039841
:108E600042F20001C5F20021096801F00F018842B9
:108E700016D9FFE742F20000C5F20020016821F098
:108E80000F01039A11430160006800F00F0003997D
:108E9000884204D0FFE701208DF817001CE2FFE7AD
:108EA000049800784007002819D5FFE70498006966
:108EB00044F21841C5F60201096801F070018842C8
:108EC0000CD9FFE744F21841C5F60201086820F00A
:108ED0007000049A126910430860FFE7FFE70498E6
:108EE00000780007002819D5FFE70498406944F28C
:108EF0001C41C5F60201096801F0700188420CD9D5
:108F0000FFE744F21C41C5F60201086820F070003A
:108F1000049A526910430860FFE7FFE7049800785D
:108F2000C006002819D5FFE70498806944F21C4167
:108F3000C5F60201096801F4E06188420CD9FFE737
:108F400044F21C41C5F60201086820F4E060049A6E
:108F5000926910430860FFE7FFE7049800788006F5
:108F6000002819D5FFE70498C06944F22041C5F6EE
:108F70000201096801F0700188420CD9FFE744F250
:108F80002041C5F60201086820F07000049AD269F9
:108F900010430860FFE7FFE7049800788007002887
:108FA00019D5FFE70498C06844F21841C5F60201DC
:108FB000096801F00F0188420CD9FFE744F218411B
:108FC000C5F60201086820F00F00049AD268104329
:108FD0000860FFE7FFE704980078C007002800F06A
:108FE0008C80FFE744F21841C5F60201086820F4BE
:108FF0007060049A926810430860049840680228E0
:1090000011D1FFE744F20040C5F60200006800F409
:1090100000310020B0EB514F04D1FFE701208DF863
:10902000170059E13EE004984068032811D1FFE79A
:1090300044F20040C5F60200006800F00071002014
:10904000B0EB516F04D1FFE701208DF8170043E129
:1090500027E004984068012811D1FFE744F200405E
:10906000C5F60200006800F480710020B0EB112FFB
:1090700004D1FFE701208DF817002DE110E044F244
:109080000040C5F60200006800F004010020B0EBCB
:10909000910F04D1FFE701208DF817001CE1FFE7D5
:1090A000FFE7FFE744F21041C5F60201086820F02F
:1090B0000700049A526810430860FDF731F90190E7
:1090C000FFE744F21040C5F60200006800F03800E7
:1090D00004994968B0EBC10F0ED0FFE7FDF720F906
:1090E0000199401A41F28931884204D3FFE70320F5
:1090F0008DF81700F0E0E4E7FFE7049800788007B8
:10910000002819D5FFE70498C06844F21841C5F655
:109110000201096801F00F0188420CD2FFE744F216
:109120001841C5F60201086820F00F00049AD268C1
:1091300010430860FFE7FFE7039842F20001C5F221
:109140000021096801F00F01884216D2FFE742F2C0
:109150000000C5F20020016821F00F01039A1143BD
:109160000160006800F00F000399884204D0FFE717
:1091700001208DF81700AFE0FFE704980078400762
:10918000002819D5FFE70498006944F21841C5F694
:109190000201096801F0700188420CD2FFE744F235
:1091A0001841C5F60201086820F07000049A12699F
:1091B00010430860FFE7FFE70498007800070028E5
:1091C00019D5FFE70498406944F21C41C5F6020135
:1091D000096801F0700188420CD2FFE744F21C419B
:1091E000C5F60201086820F07000049A5269104325
:1091F0000860FFE7FFE704980078C006002819D54B
:10920000FFE70498806944F21C41C5F60201096831
:1092100001F4E06188420CD2FFE744F21C41C5F63C
:109220000201086820F4E060049A92691043086023
:10923000FFE7FFE7049800788006002819D5FFE7CC
:109240000498C06944F22041C5F60201096801F0A2
:10925000700188420CD2FFE744F22041C5F60201BA
:10926000086820F07000049AD26910430860FFE794
:10927000FFE700F089F844F21842C5F602021168CF
:10928000C1F3032347F28C01C0F60101CB5C03F06C
:109290001F03D84000900098126802F00F02895C0A
:1092A00001F01F01C84040F22801C2F200410860ED
:1092B000009840F22401C2F20041086040F2FC0034
:1092C000C2F200400068FDF783F88DF80B009DF8AE
:1092D0000B008DF81700FFE79DF8170006B080BD62
:1092E00080B582B000F050F844F21842C5F6020290
:1092F0001168C1F3032347F28C01C0F60101CB5C76
:1093000003F01F03D84001900198126802F00F0289
:10931000895C01F01F0120FA01F140F22800C2F23D
:1093200000400160019940F22402C2F20042116043
:10933000006802B080BD000080B5FFF7D1FF44F2A5
:109340001C41C5F602010968C1F3021247F28C0103
:10935000C0F60101895C01F01F01C84080BD00001A
:1093600080B5FFF7BDFF44F21C41C5F60201096854
:10937000C1F3022247F28C01C0F60101895C01F0C1
:109380001F01C84080BD00008AB044F21040C5F6FD
:109390000200006800F0380001460191182800F230
:1093A0005F810199DFE811F019005C015C015C014B
:1093B0005C015C015C015C013A005C015C015C01E8
:1093C0005C015C015C015C0140005C015C015C01D2
:1093D0005C015C015C015C01460044F20040C5F6A2
:1093E0000200006800F020010020B0EB511F0ED0F9
:1093F000FFE744F20040C5F602000068C0F3C10177
:1094000049F20000C0F2D030C840029005E049F2B5
:109410000000C0F2D0300290FFE727E140F60010D4
:10942000C0F23D00029021E143F20060C0F26E10F4
:1094300002901BE144F22840C5F60200016801F0E9
:10944000030108910068C0F30510079044F22C4016
:10945000C5F60200006800F001000690069844F28C
:109460003441C5F60201096889B2C908484300EED3
:10947000100AB8EE400A8DED040A0798002800F0A3
:10948000EB80FFE70898009048B1FFE700980128BB
:1094900065D0FFE70098022800F08380A3E044F243
:1094A0000040C5F60200006800F020010020B0EB8B
:1094B000511F31D0FFE744F20040C5F602000068BA
:1094C000C0F3C10149F20000C0F2D030C84005909D
:1094D0009DED050AB8EE400A9DED071AB8EE411A57
:1094E00080EE010A44F23040C5F6020000686FF3D6
:1094F0005F2001EE100AB8EE411A9DED042A9FED9F
:109500005E3A02EE031AB7EE002A31EE021A20EE9E
:10951000010A8DED030A21E09DED070AB8EE401A1D
:109520009FED570A80EE010A44F23040C5F6020072
:1095300000686FF35F2001EE100AB8EE411A9DED4E
:10954000042A9FED4D3A02EE031AB7EE002A31EEDF
:10955000021A20EE010A8DED030AFFE765E09DED9A
:10956000070AB8EE401A9FED450A80EE010A44F260
:109570003040C5F6020000686FF35F2001EE100A6C
:10958000B8EE411A9DED042A9FED3B3A02EE031A14
:10959000B7EE002A31EE021A20EE010A8DED030A21
:1095A00043E09DED070AB8EE401A9FED320A80EEC7
:1095B000010A44F23040C5F6020000686FF35F20F4
:1095C00001EE100AB8EE411A9DED042A9FED2A3AE9
:1095D00002EE031AB7EE002A31EE021A20EE010A5B
:1095E0008DED030A21E09DED070AB8EE401A9FEDCC
:1095F000230A80EE010A44F23040C5F602000068FA
:109600006FF35F2001EE100AB8EE411A9DED042AB7
:109610009FED193A02EE031AB7EE002A31EE021A54
:1096200020EE010A8DED030AFFE744F23040C5F653
:109630000200006881B2012000EB512009909DEDED
:10964000030A9DED091AB8EE411A80EE010ABCEE3C
:10965000C00A8DED020A02E000200290FFE705E05B
:1096600040F60010C0F23D000290FFE702980AB0F9
:10967000704700BF001BB74B000000390024744A3C
:109680000024744C0000000080B58CB00A900A9849
:1096900028B9FFE701208DF82F0000F001BD0A98DE
:1096A0000078C007002800F0B980FFE744F21040BE
:1096B000C5F60200006800F03800069044F2284029
:1096C000C5F6020000680590069810280AD0FFE74A
:1096D000069818281CD1FFE7059800F0030002281F
:1096E00016D1FFE744F20040C5F60200006800F41E
:1096F00000310020B0EB514F09D0FFE70A984068D5
:1097000028B9FFE701208DF82F0000F0C9BC84E0E4
:10971000FFE70A984068B0F5803F09D1FFE744F2BF
:109720000041C5F60201086840F48030086032E06C
:109730000A98406868B9FFE744F20041C5F60201A3
:10974000086820F480300860086820F480200860F1
:1097500020E00A984068B0F5A02F0DD1FFE744F251
:109760000041C5F60201086840F4802008600868DE
:1097700040F4803008600CE044F20041C5F602017C
:10978000086820F480300860086820F480200860B1
:10979000FFE7FFE7FFE7FFE70A984068F0B1FFE760
:1097A000FCF7BEFD0990FFE744F20040C5F6020059
:1097B000006800F400310020B0EB514F0DD1FFE7FD
:1097C000FCF7AEFD0999401A652805D3FFE7032091
:1097D0008DF82F0000F064BCE6E71DE0FCF7A0FD6B
:1097E0000990FFE744F20040C5F60200006800F46B
:1097F00000310020B0EB514F0DD0FFE7FCF790FD9A
:109800000999401A652805D3FFE703208DF82F003A
:1098100000F046BCE6E7FFE7FFE7FFE70A980078BD
:109820008007002840F1C580FFE744F21040C5F6EC
:109830000200006800F03800049044F22840C5F6A9
:10984000020000680390049850B1FFE704981828BC
:1098500050D1FFE79DF80C00800700284AD1FFE7B0
:1098600044F20040C5F60200006800F00401002048
:10987000B0EB910F09D0FFE70A98C06828B9FFE75D
:1098800001208DF82F0000F00BBC44F20041C5F61A
:109890000201086820F019000A9AD2681043086093
:1098A000FCF73EFD0990FFE744F20040C5F60200D8
:1098B000006800F004010020B0EB910F0CD1FFE72D
:1098C000FCF72EFD0999401A032804D3FFE7032073
:1098D0008DF82F00E4E3E7E744F20441C5F6020106
:1098E000086820F0FE400A9A126940EA02600860A7
:1098F000FFE75DE00A98C068A0B3FFE744F20041CB
:10990000C5F60201086820F019000A9AD2681043CF
:109910000860FCF705FD0990FFE744F20040C5F63A
:109920000200006800F004010020B0EB910F0CD1A0
:10993000FFE7FCF7F5FC0999401A032804D3FFE779
:1099400003208DF82F00ABE3E7E744F20441C5F6AE
:109950000201086820F0FE400A9A126940EA02609B
:10996000086024E044F20041C5F60201086820F0D6
:1099700001000860FCF7D4FC0990FFE744F20040C6
:10998000C5F60200006800F004010020B0EB910F62
:109990000CD0FFE7FCF7C4FC0999401A032804D354
:1099A000FFE703208DF82F007AE3E7E7FFE7FFE703
:1099B000FFE70A980078C006002840F1A080FFE782
:1099C00044F21040C5F60200006800F03800029032
:1099D00044F22840C5F60200006801900298082869
:1099E0000AD0FFE7029818282BD1FFE7019800F072
:1099F0000300012825D1FFE744F20040C5F602002C
:109A0000006800F480710020B0EB112F09D0FFE74F
:109A10000A98C069802804D0FFE701208DF82F0044
:109A20003EE3FFE744F20C41C5F60201086820F06E
:109A30007C500A9A126A40EA02600860FFE7FFE77A
:109A40005CE00A98C06998B3FFE744F20041C5F6AC
:109A50000201086840F080000860FCF761FC099092
:109A6000FFE744F20040C5F60200006800F4807190
:109A70000020B0EB112F0CD1FFE7FCF751FC099946
:109A8000401A032804D3FFE703208DF82F0007E3D3
:109A9000E7E7FFE744F20C41C5F60201086820F051
:109AA0007C500A9A126A40EA02600860FFE724E0EC
:109AB00044F20041C5F60201086820F08000086009
:109AC000FCF72EFC0990FFE744F20040C5F60200C7
:109AD000006800F480710020B0EB112F0CD0FFE77C
:109AE000FCF71EFC0999401A032804D3FFE7032062
:109AF0008DF82F00D4E2E7E7FFE7FFE7FFE70A98DA
:109B00000078000700284FD5FFE70A98406928B37E
:109B1000FFE744F27441C5F60201086840F0010015
:109B20000860FCF7FDFB0990FFE744F27440C5F6BE
:109B30000200006800F002010020B0EB510F0CD1D0
:109B4000FFE7FCF7EDFB0999401A032804D3FFE770
:109B500003208DF82F00A3E2E7E724E044F27441EC
:109B6000C5F60201086820F001000860FCF7D8FB88
:109B70000990FFE744F27440C5F60200006800F067
:109B800002010020B0EB510F0CD0FFE7FCF7C8FB3F
:109B90000999401A032804D3FFE703208DF82F000A
:109BA0007EE2E7E7FFE7FFE70A98007880060028F3
:109BB0004FD5FFE70A98806928B3FFE744F20041D8
:109BC000C5F60201086840F480500860FCF7A8FB65
:109BD0000990FFE744F20040C5F60200006800F477
:109BE00000510020B0EB513F0CD1FFE7FCF798FB90
:109BF0000999401A032804D3FFE703208DF82F00AA
:109C00004EE2E7E724E044F20041C5F602010868AD
:109C100020F480500860FCF783FB0990FFE744F2D2
:109C20000040C5F60200006800F400510020B0EBCF
:109C3000513F0CD0FFE7FCF773FB0999401A03284A
:109C400004D3FFE703208DF82F0029E2E7E7FFE7C1
:109C5000FFE70A9800784007002840F1A780FFE757
:109C600044F60001C5F60201086840F480700860FF
:109C7000FCF756FB0990FFE744F60000C5F602002A
:109C80000068C00500280CD4FFE7FCF749FB0999E0
:109C9000401A652804D3FFE703208DF82F00FFE169
:109CA000EAE7FFE70A988068012809D1FFE744F254
:109CB0007041C5F60201086840F00100086031E01B
:109CC0000A98806868B9FFE744F27041C5F602015E
:109CD000086820F001000860086820F004000860AF
:109CE0001FE00A98806805280DD1FFE744F2704113
:109CF000C5F60201086840F004000860086840F0FA
:109D0000010008600CE044F27041C5F602010868E9
:109D100020F001000860086820F004000860FFE7F8
:109D2000FFE7FFE7FFE70A988068F8B1FFE7FCF775
:109D3000F7FA0990FFE744F27040C5F602000068A8
:109D400000F002010020B0EB510F0ED1FFE7FCF74D
:109D5000E7FA0999401A41F28931884204D3FFE7B2
:109D600003208DF82F009BE1E5E71EE0FCF7D8FA11
:109D70000990FFE744F27040C5F60200006800F069
:109D800002010020B0EB510F0ED0FFE7FCF7C8FA3C
:109D90000999401A41F28931884204D3FFE7032030
:109DA0008DF82F007CE1E5E7FFE7FFE70A98406ABE
:109DB000002800F07181FFE744F21040C5F6020070
:109DC000006800F03800182800F0E080FFE70A98EB
:109DD000406A022840F0B480FFE744F20041C5F633
:109DE0000201086820F080700860FCF799FA099079
:109DF000FFE744F20040C5F60200006800F0007181
:109E00000020B0EB516F0CD0FFE7FCF789FA0999FD
:109E1000401A032804D3FFE703208DF82F003FE109
:109E2000E7E7FFE744F22841C5F60201086840F27F
:109E3000F33290430A9B9A6ADB6A42EA03121043A8
:109E400008600A99086BD1F834C08B6BCA6B013873
:109E50006FF35F204FF60061CFF6FF7101EB4C21ED
:109E600089B208440021CFF6FF7101EB034101F4F0
:109E7000FE0108444FF07F4101EB026101F0FE4119
:109E8000084444F23041C5F602010860FFE744F29D
:109E90002C41C5F602010091086820F0010008601D
:109EA00044F23442C5F6020210684FF6F873984344
:109EB0000A9B9B6C40EAC3001060086820F00C000D
:109EC0000A9A126C10430860086820F002000A9A8F
:109ED000526C10430860086840F4803008600868DD
:109EE00040F400300860086840F48020086008688A
:109EF00040F00100086044F20041C5F60201086824
:109F000040F080700860FCF70BFA0990FFE744F21C
:109F10000040C5F60200006800F000710020B0EBC0
:109F2000516F0CD1FFE7FCF7FBF90999401A0328A0
:109F300004D3FFE703208DF82F00B1E0E7E724E02A
:109F400044F20041C5F60201086820F08070086004
:109F5000FCF7E6F90990FFE744F20040C5F602007D
:109F6000006800F000710020B0EB516F0CD0FFE7EB
:109F7000FCF7D6F90999401A032804D3FFE7032018
:109F80008DF82F008CE0E7E7FFE784E044F22840FB
:109F9000C5F602000068089044F23040C5F60200A1
:109FA000006807900A98406A012837D0FFE70898B0
:109FB00000F003000A99896A88422FD1FFE70898C8
:109FC00000F47C710A98C06AB0EB111F26D1FFE73C
:109FD00007986FF35F200A99096B013988421DD1F8
:109FE000FFE7BDF81C100A98406B0138B0EB512F09
:109FF00014D1FFE7079800F4FE010A98806B01383E
:10A00000B0EB114F0AD1FFE7079800F0FE410A9824
:10A01000C06B0138B0EB116F04D0FFE701208DF861
:10A020002F003DE044F23440C5F60200006880B2E3
:10A03000C00808900A98806C0899884229D0FFE7E8
:10A0400044F22C41C5F60201086820F001000860C6
:10A05000FCF766F90990FFE7FCF762F90999401AE5
:10A0600008B9FFE7F8E744F23441C5F60201086891
:10A070004FF6F87290430A9A926C40EAC200086068
:10A0800044F22C41C5F60201086840F00100086066
:10A09000FFE7FFE7FFE7FFE700208DF82F00FFE76E
:10A0A0009DF82F000CB080BD80B582B00190019862
:10A0B00003F096FA02B080BD81B0009001B0704705
:10A0C00081B0009001B0704781B0009001B070473E
:10A0D00085B003900291FFE7039890F83C000128B7
:10A0E00004D1FFE702208DF81300ABE003990120B3
:10A0F00081F83C00FFE7FFE70399022081F83D006B
:10A100000398006840680190039800688068009098
:10A11000039800680021C4F20101884209D0FFE7DA
:10A120000398006840F20041C4F2010188420AD15C
:10A13000FFE7019820F470000190029841680198AF
:10A1400008430190FFE7019820F070000190029809
:10A1500001680198084301900198039909684860D3
:10A16000039800680021C4F2010188424ED0FFE745
:10A1700003980068B0F1804F48D0FFE7039800686B
:10A1800040F20041C4F2000188423FD0FFE703984B
:10A19000006840F60001C4F20001884236D0FFE7B3
:10A1A0000398006840F60041C4F2000188422DD0B7
:10A1B000FFE70398006840F20041C4F201018842C1
:10A1C00024D0FFE70398006841F60001C4F20001C3
:10A1D00088421BD0FFE70398006844F20001C4F2F4
:10A1E0000101884212D0FFE7039800684EF2000197
:10A1F000C4F20001884209D0FFE7039800684EF2DC
:10A200000041C4F2000188420ED1FFE7009820F01F
:10A2100080000090029881680098084300900098A0
:10A22000039909688860FFE70399012081F83D00E0
:10A23000FFE70399002081F83C00FFE700208DF83C
:10A240001300FFE79DF8130005B070470000000001
:10A2500080B582B00090009820B9FFE701208DF80A
:10A26000070045E0009890F83D0040B9FFE70099ED
:10A27000002081F83C00009800F03EF8FFE70099CC
:10A28000022081F83D00009951F8040B03F0F0FA28
:10A290000099012081F84800FFE70099012081F82A
:10A2A0003E00009981F83F00009981F84000009934
:10A2B00081F84100009981F84200009981F843003B
:10A2C000FFE7FFE70099012081F84400009981F839
:10A2D0004500009981F84600009981F84700FFE7A2
:10A2E0000099012081F83D0000208DF80700FFE76C
:10A2F0009DF8070002B080BD80B586B00590059836
:10A30000006840F60001C4F20001884219D1FFE75D
:10A31000FFE744F2E840C5F60200016841F004019D
:10A320000160006800F0040004900498FFE71E201C
:10A33000029000221146FCF7AFF80298FCF7A0F853
:10A3400022E00598006840F60041C4F2000188420E
:10A3500019D1FFE7FFE744F2E840C5F602000168C3
:10A3600041F008010160006800F0080003900398C4
:10A37000FFE73220019000221146FCF78DF801988A
:10A38000FCF77EF8FFE7FFE706B080BD00000000A5
:10A3900083B00190019890F83D00012804D0FFE7B8
:10A3A00001208DF80B0083E00199022081F83D0027
:10A3B00001980168C86840F00100C8600198006811
:10A3C0000021C4F2010188424ED0FFE701980068E5
:10A3D000B0F1804F48D0FFE70198006840F200419B
:10A3E000C4F2000188423FD0FFE70198006840F6C0
:10A3F0000001C4F20001884236D0FFE701980068EE
:10A4000040F60041C4F2000188422DD0FFE70198D8
:10A41000006840F20041C4F20101884224D0FFE705
:10A420000198006841F60001C4F2000188421BD087
:10A43000FFE70198006844F20001C4F2010188427C
:10A4400012D0FFE7019800684EF20001C4F200014B
:10A45000884209D0FFE7019800684EF20041C4F23B
:10A460000001884219D1FFE7019800688068072140
:10A47000C0F2010108400090009806280CD0FFE7C8
:10A480000098B0F5803F07D0FFE7019801680868A1
:10A4900040F001000860FFE706E0019801680868E5
:10A4A00040F001000860FFE700208DF80B00FFE797
:10A4B0009DF80B0003B0704780B586B004900391FF
:10A4C00000208DF80B00FFE7049890F83C0001286D
:10A4D00004D1FFE702208DF81700D1E00499012094
:10A4E00081F83C00FFE7FFE70499022081F83D0076
:10A4F000049800688068019001984FF68871CFF643
:10A50000CE7108400190019820F47F40019001989D
:10A51000049909688860039800680090002800F09A
:10A520009580FFE70098102800F09080FFE70098E2
:10A53000202800F08B80FFE70098302800F086800C
:10A54000FFE70098402874D0FFE70098502856D0C5
:10A55000FFE7009860285FD0FFE7009870282AD0B6
:10A56000FFE70098B0F5805F24D0FFE70098B0F5D2
:10A57000005F35D0FFE70098B0F5801F66D0FFE799
:10A580000098B0F1101F61D0FFE700982021C0F2C1
:10A59000100188425AD0FFE700983021C0F2100124
:10A5A000884253D0FFE700984021C0F21001884252
:10A5B0004CD052E055E004980068039B5A689968B3
:10A5C000DB6803F059FA04980068806801900198EC
:10A5D00040F077000190019804990968886040E094
:10A5E00004980068039B5A689968DB6803F044FA92
:10A5F00004980168886840F48040886031E00498DD
:10A600000068039A5168D26803F0C6FD0498006898
:10A61000502103F04DFA24E004980068039A516831
:10A62000D26803F0E1FD04980068602103F040FA6D
:10A6300017E004980068039A5168D26803F0ACFDF3
:10A6400004980068402103F033FA0AE00498006897
:10A650000399096803F02CFA03E001208DF80B0040
:10A66000FFE70499012081F83D00FFE704990020ED
:10A6700081F83C00FFE79DF80B008DF81700FFE71D
:10A680009DF8170006B080BD81B0009001B0704702
:10A6900080B584B0039003980068C0680290039866
:10A6A0000068006901909DF804008007002824D507
:10A6B000FFE79DF80800800700281DD5FFE70398F5
:10A6C00001686FF002000861039901200877039880
:10A6D00000688069800720B1FFE70398FFF7D4FF87
:10A6E00006E0039800F058F9039800F0BDFAFFE780
:10A6F000039900200877FFE7FFE79DF80400400773
:10A70000002825D5FFE79DF80800400700281ED542
:10A71000FFE7039801686FF00400086103990220C5
:10A72000087703980068806910F4407F04D0FFE741
:10A730000398FFF7A9FF06E0039800F02DF90398AE
:10A7400000F092FAFFE7039900200877FFE7FFE7A0
:10A750009DF804000007002824D5FFE79DF80800B5
:10A76000000700281DD5FFE7039801686FF0080077
:10A77000086103990420087703980068C06980077E
:10A7800020B1FFE70398FFF77FFF06E0039800F092
:10A7900003F9039800F068FAFFE7039900200877AF
:10A7A000FFE7FFE79DF80400C006002825D5FFE776
:10A7B0009DF80800C00600281ED5FFE70398016831
:10A7C0006FF010000861039908200877039800686B
:10A7D000C06910F4407F04D0FFE70398FFF754FFEF
:10A7E00006E0039800F0D8F8039800F03DFAFFE780
:10A7F000039900200877FFE7FFE79DF80400C007F2
:10A8000078B1FFE79DF80800C00748B1FFE703985B
:10A8100001686FF001000861039800F07DFBFFE71D
:10A82000FFE7019800F08000802806D0FFE79DF840
:10A8300005008006002810D5FFE79DF808000006F7
:10A84000002809D5FFE7039801686FF402500861FA
:10A850000398FFF735FCFFE7FFE79DF80500C00709
:10A8600080B1FFE79DF808000006002809D5FFE742
:10A87000039801686FF4807008610398FFF71CFC6F
:10A88000FFE7FFE79DF804004006002810D5FFE72A
:10A890009DF808004006002809D5FFE703980168E5
:10A8A0006FF040000861039800F0D2FCFFE7FFE77B
:10A8B0009DF804008006002810D5FFE79DF80800E9
:10A8C0008006002809D5FFE7039801686FF0200093
:10A8D00008610398FFF7F8FBFFE7FFE704B080BDCE
:10A8E00080B588B0079000200690059004900390F2
:10A8F00002900798006840F20041C4F200018842CB
:10A900001ED1FFE7FFE744F2E040C5F60200016810
:10A9100041F002010160006800F00200019001981E
:10A92000FFE7022002900390002104910591069018
:10A9300040F20040C5F6020002A9FBF705FB29E042
:10A940000798006841F60001C4F20001884220D156
:10A95000FFE7FFE744F2E040C5F60200016841F07E
:10A9600002010160006800F0020000900098FFE71B
:10A970004FF40040029002200390002104910591C1
:10A98000069040F20040C5F6020002A9FBF7DCFA8F
:10A99000FFE7FFE708B080BD81B0009001B07047CD
:10A9A00080B586B004900391029200208DF80700D4
:10A9B000FFE7049890F83C00012804D1FFE702204B
:10A9C0008DF81700C0E00499012081F83C00FFE7F2
:10A9D000FFE702980090142800F2A7800099DFE8B2
:10A9E00001F00BA4A4A424A4A4A43EA4A4A457A44A
:10A9F000A4A471A4A4A48A0004980068039903F095
:10AA00006FF804980168886940F00800886104982C
:10AA10000168886920F0040088610398026904983D
:10AA2000016888691043886183E00498006803998D
:10AA300003F0FEF804980168886940F400608861BA
:10AA400004980168886920F480608861039802692D
:10AA500004980168886940EA0220886169E00498E6
:10AA60000068039903F09CF904980168C86940F0F4
:10AA70000800C86104980168C86920F00400C86132
:10AA80000398026904980168C8691043C86150E0DE
:10AA900004980068039903F03BFA04980168C869B8
:10AAA00040F40060C86104980168C86920F48060BF
:10AAB000C8610398026904980168C86940EA0220E5
:10AAC000C86136E004980068039903F091FA04988D
:10AAD0000168486D40F00800486504980168486DB9
:10AAE00020F0040048650398026904980168486DE5
:10AAF000104348651DE004980068039903F0E0FAEC
:10AB000004980168486D40F4006048650498016845
:10AB1000486D20F4806048650398026904980168D4
:10AB2000486D40EA0220486503E001208DF80700E7
:10AB3000FFE7FFE70499002081F83C00FFE79DF85C
:10AB400007008DF81700FFE79DF8170006B080BDDD
:10AB500080B582B00090009820B9FFE701208DF801
:10AB6000070045E0009890F83D0040B9FFE70099E4
:10AB7000002081F83C00009800F03EF8FFE70099C3
:10AB8000022081F83D00009951F8040B02F070FE9C
:10AB90000099012081F84800FFE70099012081F821
:10ABA0003E00009981F83F00009981F8400000992B
:10ABB00081F84100009981F84200009981F8430032
:10ABC000FFE7FFE70099012081F84400009981F830
:10ABD0004500009981F84600009981F84700FFE799
:10ABE0000099012081F83D0000208DF80700FFE763
:10ABF0009DF8070002B080BD83B002900298006803
:10AC000040F20041C4F20001884210D1FFE7FFE7A3
:10AC100044F2E840C5F60200016841F0020101601B
:10AC2000006800F0020001900198FFE719E0029827
:10AC3000006841F60001C4F20001884210D1FFE72C
:10AC4000FFE744F2E840C5F60200016841F0400128
:10AC50000160006800F0400000900098FFE7FFE707
:10AC6000FFE703B07047000081B0009001B070476B
:10AC700080B590B00E900D910D9828B9FFE70E9811
:10AC800090F83E000B9034E00D98042805D1FFE7C2
:10AC90000E9890F83F000A9028E00D98082805D1FA
:10ACA000FFE70E9890F8400009901CE00D980C28E2
:10ACB00005D1FFE70E9890F84100089010E00D983C
:10ACC000102805D1FFE70E9890F84200079004E0A5
:10ACD0000E9890F843000790FFE707980890FFE769
:10ACE00008980990FFE709980A90FFE70A980B90E7
:10ACF000FFE70B98012804D0FFE701208DF83F0003
:10AD000003E10D9828B9FFE70E99022081F83E0073
:10AD100038E00D98042806D1FFE70E99022081F84B
:10AD20003F0006902CE00D98082806D1FFE70E9909
:10AD3000022081F8400005901FE00D980C2806D1F4
:10AD4000FFE70E99022081F84100049012E00D986F
:10AD5000102806D1FFE70E99022081F842000390E7
:10AD600005E00E99022081F843000390FFE7039865
:10AD70000490FFE704980590FFE705980690FFE729
:10AD80000698FFE70E9800680D990122019202F0E3
:10AD900057FE01980E9909680022C4F201029142FF
:10ADA00002902DD0FFE70E980168012040F200428A
:10ADB000C4F201029142029022D0FFE70E9801688E
:10ADC000012044F20002C4F201029142029017D025
:10ADD000FFE70E980168012044F20042C4F201022C
:10ADE000914202900CD0FFE70E9800684BF60001EC
:10ADF000CBF6FE710844B0FA80F040090290FFE7FC
:10AE00000298C00738B1FFE70E980168486C40F41B
:10AE100000404864FFE70E9800680021C4F2010179
:10AE200088424ED0FFE70E980068B0F1804F48D0BE
:10AE3000FFE70E98006840F20041C4F2000188422A
:10AE40003FD0FFE70E98006840F60001C4F2000111
:10AE5000884236D0FFE70E98006840F60041C4F201
:10AE6000000188422DD0FFE70E98006840F20041B3
:10AE7000C4F20101884224D0FFE70E98006841F631
:10AE80000001C4F2000188421BD0FFE70E98006861
:10AE900044F20001C4F20101884212D0FFE70E988B
:10AEA00000684EF20001C4F20001884209D0FFE7B9
:10AEB0000E9800684EF20041C4F20001884219D198
:10AEC000FFE70E98006880680721C0F20101084082
:10AED0000C900C9806280CD0FFE70C98B0F5803F3A
:10AEE00007D0FFE70E980168086840F0010008608D
:10AEF000FFE706E00E980168086840F0010008606E
:10AF0000FFE700208DF83F00FFE79DF83F0010B0FD
:10AF100080BD00000000000080B582B0019043F2C7
:10AF2000A470C2F200400078C00708B9FFE78AE1C8
:10AF3000019800680021C4F2010188420FD1FFE7A7
:10AF400040F2C020C2F20040406838B1FFE740F252
:10AF5000C020C2F2004040688047FFE773E10198DB
:10AF60000068B0F1804F0FD1FFE740F2D820C2F265
:10AF70000040406838B1FFE740F2D820C2F20040FC
:10AF800040688047FFE75DE10198006840F20041BA
:10AF9000C4F2000188420FD1FFE740F2E020C2F284
:10AFA0000040406838B1FFE740F2E020C2F20040C4
:10AFB00040688047FFE744E10198006840F60001DF
:10AFC000C4F2000188420FD1FFE740F2E820C2F24C
:10AFD0000040406838B1FFE740F2E820C2F200408C
:10AFE00040688047FFE72BE10198006840F6004188
:10AFF000C4F2000188420FD1FFE740F2F020C2F214
:10B000000040406838B1FFE740F2F020C2F2004053
:10B0100040688047FFE712E10198006841F20001B3
:10B02000C4F2000188420FD1FFE740F2F820C2F2DB
:10B030000040406838B1FFE740F2F820C2F200401B
:10B0400040688047FFE7F9E00198006841F200415D
:10B05000C4F2000188420FD1FFE740F20030C2F293
:10B060000040406838B1FFE740F20030C2F20040D3
:10B0700040688047FFE7E0E00198006840F2004147
:10B08000C4F2010188420FD1FFE740F20830C2F25A
:10B090000040406838B1FFE740F20830C2F200409B
:10B0A00040688047FFE7C7E00198006841F600016B
:10B0B000C4F2000188420FD1FFE740F29020C2F2B3
:10B0C0000040406838B1FFE740F29020C2F20040F3
:10B0D00040688047FFE7AEE00198006841F6004114
:10B0E000C4F2000188420FD1FFE740F29820C2F27B
:10B0F0000040406838B1FFE740F29820C2F20040BB
:10B1000040688047FFE795E00198006842F200013F
:10B11000C4F2000188420FD1FFE740F2A020C2F242
:10B120000040406838B1FFE740F2A020C2F2004082
:10B1300040688047FFE77CE00198006844F2000126
:10B14000C4F2010188420FD1FFE740F2A820C2F209
:10B150000040406838B1FFE740F2A820C2F200404A
:10B1600040688047FFE763E00198006844F20041CF
:10B17000C4F2010188420FD1FFE740F2B020C2F2D1
:10B180000040406838B1FFE740F2B020C2F2004012
:10B1900040688047FFE74AE00198006844F60001F4
:10B1A000C4F2010188420FD1FFE740F2B820C2F299
:10B1B0000040406838B1FFE740F2B820C2F20040DA
:10B1C00040688047FFE731E0019800684EF20001D7
:10B1D000C4F2000188420FD1FFE740F2C820C2F25A
:10B1E0000040406838B1FFE740F2C820C2F200409A
:10B1F00040688047FFE718E0019800684EF2004180
:10B20000C4F2000188420FD1FFE740F2D020C2F221
:10B210000040406838B1FFE740F2D020C2F2004061
:10B2200040688047FFE7FFE7FFE7FFE7FFE7FFE74B
:10B23000FFE7FFE7FFE7FFE7FFE7FFE7FFE7FFE7DE
:10B24000FFE7FFE7FFE702B080BD0000000000005D
:10B2500081B0009001B0704783B00190FFE7019882
:10B2600090F88400012804D1FFE702208DF80B003C
:10B270002CE00199012081F88400FFE7FFE70199A4
:10B280002420C1F8880001980068006800900198A7
:10B290000168086820F001000860009820F0005064
:10B2A000009001990020486600980199096808609B
:10B2B00001992020C1F88800FFE70199002081F85A
:10B2C0008400FFE700208DF80B00FFE79DF80B00DE
:10B2D00003B070470000000080B586B00490039171
:10B2E000ADF80A200498D0F88C00202844D1FFE75C
:10B2F000039820B1FFE7BDF80A0020B9FFE701205D
:10B300008DF817003CE004990120C86604990020DC
:10B31000086704980399BDF80A2004F0DDF98DF858
:10B3200009009DF8090010BBFFE70498C06E0128D2
:10B3300018D1FFE70498016810200862FFE7FFE7D3
:10B340000498006850E8000F40F010000190FFE7FB
:10B3500001990498026842E800100028F0D1FFE744
:10B36000FFE703E001208DF80900FFE7FFE79DF804
:10B3700009008DF8170003E002208DF81700FFE7A1
:10B380009DF8170006B080BD80B586B00590ADF879
:10B3900012100598006841F20001C4F201018842D0
:10B3A00011D1FFE7BDF8120040F22041C2F2004186
:10B3B000A1F808010598B1F804215200843192B235
:10B3C000FFF78AFFA4E10598006845F20001C4F286
:10B3D0000001884240F0F980FFE7BDF8120040F616
:10B3E0006001C2F20041A1F80801B1F80801B1F80A
:10B3F000041188420BDCFFE740F66000C2F2004017
:10B40000D0F80C21BDF8121084309047FFE7059862
:10B4100040F66001C2F20041B1F8042152008431CB
:10B4200092B2FFF759FF42F69C30C2F2004000682A
:10B430001021C4F20201884200F0B280FFE742F618
:10B440009C30C2F2004000682821C4F20201884208
:10B4500000F0A680FFE742F69C30C2F20040006890
:10B460004021C4F20201884200F09A80FFE742F6D0
:10B470009C30C2F2004000685821C4F202018842A8
:10B4800000F08E80FFE742F69C30C2F20040006878
:10B490007021C4F20201884200F08280FFE742F688
:10B4A0009C30C2F2004000688821C4F20201884248
:10B4B00076D0FFE742F69C30C2F200400068A0213F
:10B4C000C4F2020188426BD0FFE742F69C30C2F220
:10B4D00000400068B821C4F20201884260D0FFE752
:10B4E00042F69C30C2F20040006840F21041C4F2C3
:10B4F0000201884254D0FFE742F69C30C2F200407D
:10B50000006840F22841C4F20201884248D0FFE7B7
:10B5100042F69C30C2F20040006840F24041C4F262
:10B52000020188423CD0FFE742F69C30C2F2004064
:10B53000006840F25841C4F20201884230D0FFE76F
:10B5400042F69C30C2F20040006840F27041C4F202
:10B550000201884224D0FFE742F69C30C2F200404C
:10B56000006840F28841C4F20201884218D0FFE727
:10B5700042F69C30C2F20040006840F2A041C4F2A2
:10B58000020188420CD0FFE742F69C30C2F2004034
:10B59000006840F2B841C4F2020188420AD1FFE7D4
:10B5A00042F69C30C2F200400168086820F00800B2
:10B5B000086009E042F69C30C2F200400168086869
:10B5C00020F004000860FFE7A1E00598006847F656
:10B5D0000001C4F20001884211D1FFE7BDF812005A
:10B5E00040F68021C2F20041A1F808010598B1F8A7
:10B5F00004215200843192B2FFF76EFE86E0059876
:10B60000006847F60041C4F20001884223D1FFE7F9
:10B61000BDF8120040F69031C2F200410391A1F84A
:10B6200008010598B1F804218431FFF755FE03990C
:10B63000B1F80801B1F8041188420BDCFFE740F6CD
:10B640009030C2F20040D0F80C21BDF812108430C6
:10B650009047FFE759E00598006841F60001C4F201
:10B660000101884223D1FFE7BDF8120040F6A04156
:10B67000C2F200410291A1F808010598B1F8042135
:10B680008431FFF729FE0299B1F80801B1F80411DD
:10B6900088420BDCFFE740F6A040C2F20040D0F841
:10B6A0000C21BDF8121084309047FFE72CE005987C
:10B6B000006841F60041C4F20101884223D1FFE74E
:10B6C000BDF8120040F21031C2F200410191A1F820
:10B6D00008010598B1F804218431FFF7FDFD0199B7
:10B6E000B1F80801B1F8041188420BDCFFE740F221
:10B6F0001030C2F20040D0F80C21BDF81210843096
:10B700009047FFE7FFE7FFE7FFE7FFE7FFE7FFE718
:10B7100006B080BD0000000081B0009001B070470D
:10B7200080B584B002900191FFE7029890F8840000
:10B73000012804D1FFE702208DF80F0032E00299C2
:10B74000012081F88400FFE7FFE702992420C1F877
:10B7500088000298006800680090029801680868F4
:10B7600020F00100086002980068806820F06060A6
:10B7700001990843029909688860029802F0CCFD9B
:10B78000009802990968086002992020C1F8880091
:10B79000FFE70299002081F88400FFE700208DF880
:10B7A0000F00FFE79DF80F0004B080BD000000000F
:10B7B00080B584B002900191FFE7029890F8840070
:10B7C000012804D1FFE702208DF80F0032E0029932
:10B7D000012081F88400FFE7FFE702992420C1F8E7
:10B7E0008800029800680068009002980168086864
:10B7F00020F00100086002980068806820F0604036
:10B8000001990843029909688860029802F084FD52
:10B81000009802990968086002992020C1F8880000
:10B82000FFE70299002081F88400FFE700208DF8EF
:10B830000F00FFE79DF80F0004B080BD000000007E
:10B8400081B0009001B0704781B0009001B07047A6
:10B8500080B586B00490FFE7FFE70498006850E8E1
:10B86000000F20F490700390FFE70399049802689A
:10B8700042E800100028F0D1FFE7FFE7FFE7FFE70D
:10B880000498006850E8020F4FF6FE71CEF6FF7183
:10B8900008400290FFE702990498026842E802100B
:10B8A0000028EDD1FFE7FFE70498C06E012814D10E
:10B8B000FFE7FFE7FFE70498006850E8000F20F07B
:10B8C00010000190FFE701990498026842E8001017
:10B8D0000028F0D1FFE7FFE7FFE7049800688068E1
:10B8E0004006002837D5FFE7FFE7FFE70498006828
:10B8F00050E8020F20F040000090FFE70099049804
:10B90000026842E802100028F0D1FFE7FFE7049840
:10B91000D0F88000F0B1FFE70498D0F88010002044
:10B9200008650498D0F88000F5F7F2FE88B1FFE7CB
:10B930000498D0F88000F6F7FFFE202808D1FFE732
:10B9400004991020C1F8900003208DF8170019E029
:10B95000FFE7FFE7FFE704990020A1F85E000499E4
:10B960000A680F21116204990A68916941F008017F
:10B970009161049A2021C2F88C100499C8668DF850
:10B980001700FFE79DF8170006B080BD000000001B
:10B9900081B0009001B0704780B592B011901198BD
:10B9A0000068C06910901198006800680F901198A5
:10B9B000006880680E90109840F60F0108400D90C6
:10B9C0000D98E0B9FFE79DF840008006002815D5E6
:10B9D000FFE79DF83C008006002806D4FFE79DF8AD
:10B9E0003B00C006002809D5FFE71198406F20B141
:10B9F000FFE71198416F8847FFE72FE3FFE70D98B6
:10BA0000002800F00C81FFE70E980121C1F200012F
:10BA1000084209D1FFE70F9840F22011C0F200411F
:10BA2000084200F0FC80FFE79DF84000C00788B1A5
:10BA3000FFE79DF83D00C00760B1FFE7119801687E
:10BA4000012008621199D1F8900040F00100C1F87E
:10BA50009000FFE79DF840008007002811D5FFE720
:10BA60009DF83800C00760B1FFE711980168022017
:10BA700008621199D1F8900040F00400C1F89000DC
:10BA8000FFE79DF840004007002811D5FFE79DF82B
:10BA90003800C00760B1FFE7119801680420086210
:10BAA0001199D1F8900040F00200C1F89000FFE732
:10BAB0009DF840000007002819D5FFE79DF83C00DD
:10BAC0008006002807D4FFE70E980121C1F200018B
:10BAD00008420CD0FFE7119801680820086211990C
:10BAE000D1F8900040F00800C1F89000FFE79DF801
:10BAF00041000007002813D5FFE79DF83F004007ED
:10BB000000280DD5FFE7119801684FF40060086226
:10BB10001199D1F8900040F02000C1F89000FFE7A3
:10BB20001198D0F89000002878D0FFE79DF84000E9
:10BB30008006002815D5FFE79DF83C008006002808
:10BB400006D4FFE79DF83B00C006002809D5FFE7B3
:10BB50001198406F20B1FFE71198416F8847FFE7C8
:10BB6000FFE71198D0F890000C9011980068806859
:10BB700000F04000402806D0FFE79DF8300010F0AC
:10BB8000280F42D0FFE7119802F03EFE119800689E
:10BB900080684006002833D5FFE7FFE7FFE71198EC
:10BBA000006850E8020F20F040000B90FFE70B996F
:10BBB0001198026842E802100028F0D1FFE7FFE781
:10BBC0001198D0F88000B0B1FFE71198D0F880103C
:10BBD0004EF23160C0F6000008651198D0F8800080
:10BBE000F6F752FA30B1FFE71198D0F88000016DF6
:10BBF0008847FFE703E01198FFF7CAFEFFE703E07D
:10BC00001198FFF7C5FEFFE707E01198FFF7C0FEA8
:10BC100011990020C1F89000FFE7FFE71EE211989C
:10BC2000C06E012840F0BB81FFE79DF84000C006D0
:10BC3000002840F1B481FFE79DF83C00C0060028D1
:10BC400040F1AD81FFE7119801681020086211985A
:10BC5000006880684006002840F13F81FFE71198A6
:10BC6000D0F8800000681021C4F20201884200F080
:10BC7000A280FFE71198D0F8800000682821C4F264
:10BC80000201884200F09780FFE71198D0F8800009
:10BC900000684021C4F20201884200F08C80FFE776
:10BCA0001198D0F8800000685821C4F2020188423F
:10BCB00000F08180FFE71198D0F8800000687021C3
:10BCC000C4F20201884276D0FFE71198D0F88000D4
:10BCD00000688821C4F2020188426CD0FFE7119805
:10BCE000D0F880000068A021C4F20201884262D02E
:10BCF000FFE71198D0F880000068B821C4F2020173
:10BD0000884258D0FFE71198D0F88000006840F2D0
:10BD10001041C4F2020188424DD0FFE71198D0F8DB
:10BD20008000006840F22841C4F20201884242D0FB
:10BD3000FFE71198D0F88000006840F24041C4F25B
:10BD40000201884237D0FFE71198D0F880000068E0
:10BD500040F25841C4F2020188422CD0FFE711980A
:10BD6000D0F88000006840F27041C4F202018842BD
:10BD700021D0FFE71198D0F88000006840F2884198
:10BD8000C4F20201884216D0FFE71198D0F8800073
:10BD9000006840F2A041C4F2020188420BD0FFE7E4
:10BDA0001198D0F88000006840F2B841C4F2020156
:10BDB000884207D1FFE71198D0F8800000684068FA
:10BDC000019006E01198D0F880000068406801906A
:10BDD000FFE70198ADF82A00BDF82A0000287BD0C3
:10BDE000FFE7BDF82A001199B1F85C10884273DAB8
:10BDF000FFE7BDF82A001199A1F85E001198D0F86C
:10BE00008000C069B0F5807F59D0FFE7FFE7FFE70A
:10BE10001198006850E8000F20F480700990FFE747
:10BE200009991198026842E800100028F0D1FFE754
:10BE3000FFE7FFE7FFE71198006850E8020F20F0E6
:10BE400001000890FFE708991198026842E8021083
:10BE50000028F0D1FFE7FFE7FFE7FFE71198006850
:10BE600050E8020F20F040000790FFE70799119873
:10BE7000026842E802100028F0D1FFE7FFE71199BD
:10BE80002020C1F88C0011990020C866FFE7FFE769
:10BE90001198006850E8000F20F010000690FFE7AE
:10BEA00006991198026842E800100028F0D1FFE7D7
:10BEB000FFE71198D0F88000F5F72AFCFFE7119909
:10BEC000022008671198B0F85C10B0F85E20891A5B
:10BED00089B2FFF759FAFFE7C0E01199B1F85C00A9
:10BEE000B1F85E10401AADF816001198B0F85E0077
:10BEF000002853D0FFE7BDF8160000284ED0FFE71A
:10BF0000FFE7FFE71198006850E8000F20F49070F9
:10BF10000490FFE704991198026842E80010002895
:10BF2000F0D1FFE7FFE7FFE7FFE71198006850E86F
:10BF3000020F4FF6FE71CEF6FF7108400390FFE747
:10BF400003991198026842E802100028EDD1FFE73A
:10BF5000FFE711992020C1F88C0011990020C866D4
:10BF600011994867FFE7FFE71198006850E8000F54
:10BF700020F010000290FFE702991198026842E851
:10BF800000100028F0D1FFE7FFE7119902200867B1
:10BF90001198BDF81610FFF7F7F9FFE75EE09DF87E
:10BFA0004200C00600280FD5FFE79DF83A00400682
:10BFB000002809D5FFE7119801684FF48010086246
:10BFC0001198FFF741FC49E09DF840000006002869
:10BFD00015D5FFE79DF83C000006002806D4FFE7D2
:10BFE0009DF83A000006002809D5FFE71198806FF8
:10BFF00020B1FFE71198816F8847FFE72EE09DF899
:10C000004000400600280AD5FFE79DF83C004006A6
:10C01000002804D5FFE7119802F046FC1EE09DF8C9
:10C020004200000600280AD5FFE79DF83F004006C1
:10C03000002804D5FFE71198FFF702FC0EE09DF8F9
:10C040004300C00750B1FFE79DF83F0000060028FD
:10C0500004D5FFE71198FFF75FFBFFE712B080BD43
:10C0600080B582B00090009820B9FFE701208DF8DC
:10C07000070046E00098806908B1FFE700E0FFE7AD
:10C080000098D0F8880040B9FFE70099002081F8B7
:10C090008400009800F03CF8FFE700992420C1F8E4
:10C0A000880000980168086820F001000860009886
:10C0B000806A20B1FFE7009802F072F9FFE700986C
:10C0C00002F0E2FD012804D1FFE701208DF807000E
:10C0D00017E000980168486820F490404860009894
:10C0E0000168886820F02A00886000980168086864
:10C0F00040F001000860009802F0F6F98DF80700A2
:10C10000FFE79DF8070002B080BD000000000000BE
:10C1100080B5CCB04B9000204A9049904890479011
:10C12000469018A8B821F4F748FA4B98006845F2F1
:10C130000001C4F20001884240F09680FFE7002031
:10C14000199002211891359018A8FBF785FE18B1B7
:10C15000FFE7F5F7C5F8FFE7FFE744F2E840C5F66B
:10C160000200016841F480110160006800F4801051
:10C1700017901798FFE7FFE744F2E040C5F602008A
:10C18000016841F002010160006800F002001690B1
:10C190001698FFE7FFE744F2E040C5F602000168A9
:10C1A00041F008010160006800F008001590159842
:10C1B000FFE74FF40050469002200D90479000207A
:10C1C0000F90489049900E204A9040F20040C5F6EA
:10C1D000020046A90E91F9F7B7FE0D9A0E990F9835
:10C1E0000423469347924890499008204A9040F68D
:10C1F0000040C5F60200F9F7A7FE0F9942F69C3001
:10C20000C2F20040109040F21042C4F202020260FA
:10C21000412242608160C1604FF4806202614161ED
:10C2200081614FF48072C2614FF440320262416218
:10C23000F7F76AFB18B1FFE7F5F752F8FFE7FFE7FA
:10C240004B9842F69C31C2F20041C0F880104B98E6
:10C250008863FFE735200C9005210022FAF71CF9CE
:10C260000C98FAF70DF952E14B98006841F2000181
:10C27000C4F20101884240F09780FFE70020199046
:10C2800001211891369018A8FBF7E6FD18B1FFE7D9
:10C29000F5F726F8FFE7FFE744F2F040C5F60200A5
:10C2A000016841F010010160006800F01000149076
:10C2B0001498FFE7FFE744F2E040C5F6020001688A
:10C2C00041F001010160006800F001001390139833
:10C2D000FFE74FF4C06046900220479000200A908C
:10C2E0004890499007204A900020C5F6020046A9D0
:10C2F000F9F72AFE0A9942F60450C2F200400B9068
:10C300002822C4F202020260292242608160C160D8
:10C310004FF48062026141618161C16101624162E9
:10C32000F7F7F2FA18B1FFE7F4F7DAFFFFE7FFE7F4
:10C330004B9842F60451C2F20041C0F880104B986D
:10C340008863FFE742F67C50C2F20040099040212A
:10C35000C4F2020101602A21416040218160002174
:10C36000C1604FF48062026141618161C16101621B
:10C370004162F7F7C9FA18B1FFE7F4F7B1FFFFE739
:10C38000FFE74B9842F67C51C2F20041C1674B98DF
:10C390008863FFE72520089000221146FAF77CF811
:10C3A0000898FAF76DF8B1E04B98006841F6004143
:10C3B000C4F20101884240F0A880FFE700201990F4
:10C3C00001211891369018A8FBF746FD18B1FFE738
:10C3D000F4F786FFFFE7FFE744F2F040C5F60200FE
:10C3E000016841F080010160006800F08000129057
:10C3F0001298FFE7FFE744F2E040C5F6020001684B
:10C4000041F010010160006800F0100011901198D7
:10C41000FFE70420469002210391479100210691F5
:10C42000489149914A9041F20000C5F602000490FB
:10C4300046A90591F9F788FD039B04980599069A8A
:10C440004FF0080CCDF818C14793489249920B223F
:10C450004A92F9F779FD069942F61440C2F200407B
:10C4600007905822C4F20202026076224260816084
:10C47000C1604FF48062026141618161C16101620A
:10C480004162F7F741FA18B1FFE7F4F729FFFFE738
:10C49000FFE74B9842F61441C2F20041C0F8801009
:10C4A0004B988863FFE742F68C40C2F2004002904E
:10C4B0007021C4F202010160772141604021816056
:10C4C0000021C1604FF48062026141618161C161FC
:10C4D00001624162F7F718FA18B1FFE7F4F700FFBD
:10C4E000FFE7FFE74B9842F68C41C2F20041C1677B
:10C4F0004B988863FFE79C20019000221146F9F7D2
:10C50000CBFF0198F9F7BCFFFFE7FFE7FFE74CB06F
:10C5100080BD00000000000081B0009001B07047B5
:10C5200081B0009001B0704781B0009001B07047B9
:10C53000FFE7FEE70000000083B0029001918DF854
:10C54000032000208DF802008DF80200FFE79DF81F
:10C5500002009DF80310884229DAFFE70298000FD5
:10C56000092809D8FFE70298000F303001999DF89B
:10C57000022001F8120009E00299372000EB117047
:10C5800001999DF8022001F81200FFE702980001CE
:10C59000029001989DF8021000EB410100204870C4
:10C5A000FFE79DF8020001308DF80200CFE703B0ED
:10C5B000704700000000000080B588B0FFE744F23B
:10C5C000D840C5F60200016841F001010160006831
:10C5D00000F0010007900798FFE7FFE744F2D8401A
:10C5E000C5F60200016841F002010160006800F038
:10C5F000020006900698FFE70C20009000220492AB
:10C600001146F9F749FF0098F9F73AFF049A0D200F
:10C6100001901146F9F740FF0198F9F731FF049AAC
:10C620000E2002901146F9F737FF0298F9F728FF1C
:10C63000049A0F2003901146F9F72EFF0398F9F79B
:10C640001FFF049A382005901146F9F725FF059839
:10C65000F9F716FF08B080BD80B582B042F6F450FD
:10C66000C2F2004000904AF20001C4F200010160F1
:10C67000002201928260C2600121017442748174BF
:10C68000032141610A2383614FF01D0CC0F81CC0D7
:10C69000036241628362C0F82CC00363426381631A
:10C6A0000421C1630823036441648364C164026597
:10C6B00041658265C2652023036642668166F8F79C
:10C6C000A7FF18B1FFE7F4F70BFEFFE702B080BD4C
:10C6D00080B582B042F69460C2F2004001904AF206
:10C6E0000041C4F20001016000228260C2600121A9
:10C6F000017442748174032141610A2383614FF004
:10C700001D0CC0F81CC0036241628362C0F82CC0DB
:10C7100003634FF40073436381630421C1630823FF
:10C72000036441648364C164026541658265C265D6
:10C730002023036642668166F8F76AFF18B1FFE7B7
:10C74000F4F7CEFDFFE702B080BD0000000000005E
:10C7500080B582B042F63470C2F2004001904DF2D2
:10C760000041C4F20001016000228260C260012128
:10C77000017442748174032141610A2383614FF083
:10C780001D0CC0F81CC0036241628362C0F82CC05B
:10C7900003634FF48063436381630421C16308230F
:10C7A000036441648364C164026541658265C26556
:10C7B0002023036642668166F8F72AFF18B1FFE777
:10C7C000F4F78EFDFFE702B080BD0000000000001E
:10C7D00080B592B00020119010900F900E900D90A7
:10C7E000FFE744F2E040C5F60200016841F01001A5
:10C7F0000160006800F010000C900C98FFE7FFE764
:10C8000044F2E040C5F60200016841F00401016015
:10C81000006800F004000B900B98FFE7FFE744F27C
:10C82000E040C5F60200016841F080010160006847
:10C8300000F080000A900A98FFE7FFE744F2E0402A
:10C84000C5F60200016841F002010160006800F0D5
:10C85000020009900998FFE7FFE744F2E040C5F6BF
:10C860000200016841F008010160006800F0080062
:10C8700008900898FFE7FFE744F2E040C5F60200A1
:10C88000016841F001010160006800F001000790BB
:10C890000798FFE740F60000C5F6020003904FF44A
:10C8A000204100220592F9F723FD03984FF48041BF
:10C8B000009101220292F9F71BFD029A0398059953
:10C8C0004FF4C0430D930E9202220F9210910DA9C6
:10C8D0000491F9F739FB029B03980499059A4FF4E8
:10C8E000004CCDF834C00E930F931092F9F72CFB47
:10C8F000009A029804990D924FF4041201920E923C
:10C900000F9041F20000C5F60200F9F71DFB019BF4
:10C91000029A039804994FF4E05CCDF834C00E936A
:10C920000F92F9F711FB059A282006901146F9F7A6
:10C93000B3FD0698F9F7A4FD12B080BD0000000019
:10C9400080B58CB0002101910B910A910991089159
:10C9500007910691059104910391029143F2B84029
:10C96000C2F2004041F60002C4F200020260EF226F
:10C970004260816040F2E732C260016180218161E2
:10C98000FEF7E6F818B1FFE7F4F7AAFCFFE700208E
:10C9900009900B9043F2B840C2F2004009A9FDF79C
:10C9A00097FB18B1FFE7F4F79BFCFFE760200290CC
:10C9B000002003900490069043F2B840C2F2004079
:10C9C00002A90422FDF7ECFF18B1FFE7F4F788FC99
:10C9D000FFE743F2B840C2F20040FDF781FF0CB020
:10C9E00080BD00000000000080B58CB000210191E6
:10C9F0000B910A9109910891079106910591049173
:10CA00000391029143F20450C2F2004040F200420E
:10CA1000C4F20002026041608160FF22C2600161D5
:10CA20008161FEF795F818B1FFE7F4F759FCFFE7CD
:10CA3000002009900B9043F20450C2F2004009A973
:10CA4000FDF746FB18B1FFE7F4F74AFCFFE760206B
:10CA500002900020039004900420069043F20450BA
:10CA6000C2F2004002A90C22FDF79AFF18B1FFE7BD
:10CA7000F4F736FCFFE743F20450C2F20040FDF742
:10CA80002FFF0CB080BD000080B588B00021009160
:10CA9000079106910591049103910291019143F24E
:10CAA0005050C2F2004040F60002C4F200020260A0
:10CAB000EF22426081606322C26001618161FDF703
:10CAC000C7FB18B1FFE7F4F70BFCFFE74FF480500A
:10CAD000049043F25050C2F2004004A9FDF7ECFC70
:10CAE00018B1FFE7F4F7FCFBFFE70020019003908B
:10CAF00043F25050C2F2004001A9FDF7E9FA18B123
:10CB0000FFE7F4F7EDFBFFE708B080BD0000000091
:10CB100080B588B00021009107910691059104919C
:10CB200003910291019143F29C50C2F2004040F601
:10CB30000042C4F200020260EF224260816040F2D3
:10CB4000E732C26001618161FDF782FB18B1FFE746
:10CB5000F4F7C6FBFFE74FF48050049043F29C507B
:10CB6000C2F2004004A9FDF7A7FC18B1FFE7F4F7F3
:10CB7000B7FBFFE700200190039043F29C50C2F204
:10CB8000004001A9FDF7A4FA18B1FFE7F4F7A8FBEC
:10CB9000FFE708B080BD000080B582B043F210709E
:10CBA000C2F20040019045F20001C4F200010160B0
:10CBB00048F2A061C0F2010141604FF480518160F0
:10CBC0004FF40051C1604FF4806101610421416163
:10CBD00000218161C161016241628162FFF740FA17
:10CBE00018B1FFE7F4F77CFBFFE743F21070C2F2E5
:10CBF00000400021FEF7DCFD18B1FFE7F4F770FB01
:10CC0000FFE743F21070C2F200400021FEF788FDFA
:10CC100018B1FFE7F4F764FBFFE743F21070C2F2CC
:10CC20000040FEF719FB18B1FFE7F4F759FBFFE7E7
:10CC300002B080BD0000000080B582B043F27C608D
:10CC4000C2F20040009041F60041C4F201010160CF
:10CC50004FF416514160002101918160C160016172
:10CC60000C2242618161C161016241628162FFF710
:10CC7000F7F918B1FFE7F4F733FBFFE743F27C6005
:10CC8000C2F200400021FEF793FD18B1FFE7F4F770
:10CC900027FBFFE743F27C60C2F200400021FEF771
:10CCA0003FFD18B1FFE7F4F71BFBFFE743F27C60A1
:10CCB000C2F20040FEF7D0FA18B1FFE7F4F710FB1C
:10CCC000FFE702B080BD000080B582B043F2E850BB
:10CCD000C2F20040009041F20001C4F20101016083
:10CCE0004FF4E1314160002101918160C160016137
:10CCF0000C2242618161C161016241628162FFF780
:10CD0000AFF918B1FFE7F4F7EBFAFFE743F2E850A9
:10CD1000C2F200400021FEF74BFD18B1FFE7F4F727
:10CD2000DFFAFFE743F2E850C2F200400021FEF7CD
:10CD3000F7FC18B1FFE7F4F7D3FAFFE743F2E85046
:10CD4000C2F20040FEF788FA18B1FFE7F4F7C8FA1C
:10CD5000FFE702B080BD000080B542F6C000C2F21D
:10CD6000004040F20401C2F20041012203F020FF22
:10CD700018B1FFE7F4F7B4FAFFE742F6C000C2F2D9
:10CD8000004040F22C01C2F2004104F03DFC18B119
:10CD9000FFE7F4F7A5FAFFE742F6C000C2F2004051
:10CDA00040F2C801C2F2004103F032F918B1FFE7C6
:10CDB000F4F796FAFFE742F6C000C2F2004004F032
:10CDC000B3FD18B1FFE7F4F78BFAFFE7FAF78CFD34
:10CDD00080BD000000000000FFE7FEE7000000004B
:10CDE000FFE7FEE70000000088B00790069105927B
:10CDF000079800F0070004900498C0F10700052888
:10CE000003D3FFE70420019004E00498C0F1070079
:10CE10000190FFE70198039004980430062803D896
:10CE2000FFE70020009003E0049803380090FFE73C
:10CE30000098029006980399012202FA01F1013943
:10CE40000840029B984005999A40013A11400843D6
:10CE500008B070470000000080B542F6D470C2F2FE
:10CE60000040F9F74DFE80BD80B586B00590049175
:10CE7000059800680390039802900398006C019055
:10CE80000298049900EB4110D0F8080B009001982B
:10CE900043F20B01C4F6547188420FD3FFE79DF8AB
:10CEA00001000006002809D5FFE70298049900EB6D
:10CEB00041114FF40040C1F8080BFFE70598FAF75D
:10CEC00053FC019843F20B01C4F6547188420DD310
:10CED000FFE705988079012808D1FFE705990868E0
:10CEE00001F29C42012105F04BFBFFE7002006B058
:10CEF00080BD00000000000080B588B0079006915A
:10CF0000079800680490049803900498006C0290BD
:10CF10000398069900EB4110D0F8080B0190079890
:10CF20008079012840F08180FFE79DF80400000728
:10CF3000002818D5FFE7029843F20B01C4F654719C
:10CF400088420FD3FFE79DF805000006002809D5A9
:10CF5000FFE70398069900EB41114FF40040C1F838
:10CF6000080BFFE760E09DF804008006002808D564
:10CF7000FFE70398069900EB41112020C1F8080B48
:10CF800051E09DF8040010F0280F4AD1FFE7029805
:10CF900043F20B01C4F6547188420FD3FFE79DF8AA
:10CFA00005000006002809D5FFE70398069900EB65
:10CFB00041114FF40040C1F8080B31E00798069981
:10CFC00001EBC10100EB810000F51570059005989B
:10CFD000006A0399069A01EB4211D1F8101B6FF316
:10CFE000DF41401A05994861069898B9FFE705980E
:10CFF000006940B9FFE70799086801F29C420121E6
:10D0000005F0BEFA05E00599C8684A691044C86091
:10D01000FFE7FFE707989DF81810F9F7FDFAFFE71B
:10D0200000E0FFE7FFE7FFE747E0029843F20A115D
:10D03000C4F65471884224D1FFE79DF8050000062C
:10D04000002809D5FFE70398069900EB41114FF43A
:10D050000040C1F8080B13E09DF80400800600288A
:10D0600008D5FFE70398069900EB41112020C1F88D
:10D07000080BFFE707989DF81810F9F7CDFAFFE7BE
:10D080001AE0069890B9FFE70798069901EBC101ED
:10D0900000EB8100D0F8640240B9FFE70799086807
:10D0A00001F29C42002105F06BFAFFE707989DF81A
:10D0B0001810F9F7B1FAFFE7FFE7002008B080BDCC
:10D0C00080B58CB00A9009910A9800680890089879
:10D0D00007900A98099901EBC10100EB8100143017
:10D0E0000690069801694069884204D9FFE701204B
:10D0F0008DF82F0079E0069908694969401A059072
:10D10000059806998968884204D9FFE706988068DF
:10D110000590FFE70598033080080490FFE7079823
:10D12000099900EB4110D0F8180981B2049A002047
:10D13000914202900FD3FFE70698026941690020EF
:10D140009142029007D2FFE706980069002818BFB5
:10D1500001200290FFE70298C00770B3FFE706992D
:10D1600008694969401A05900598069989688842B6
:10D1700004D9FFE7069880680590FFE7059803301B
:10D180008008049008980699C9689DF82420BDF885
:10D190001430DDF828C09CF806C0EE46CEF800C07A
:10D1A00006F082F8059A0699C8681044C860059A86
:10D1B0000699486910444861B1E7069908694969C8
:10D1C00088420ED8FFE7099800F00F01012088403F
:10D1D0000390039A0799D1F834089043C1F83408B2
:10D1E000FFE700208DF82F00FFE79DF82F000CB01F
:10D1F00080BD00000000000070470000000000003B
:10D2000080B586B00490039100208DF8070044F2A9
:10D210002840C5F60200006800F00300032804D18E
:10D22000FFE701208DF81700CBE044F20041C5F67E
:10D230000201086820F080600860F9F771F8029038
:10D24000FFE744F20040C5F60200006800F000610C
:10D250000020B0EBD16F0CD0FFE7F9F761F802992D
:10D26000401A032804D3FFE703208DF81700A8E035
:10D27000E7E7FFE744F22841C5F60201086820F419
:10D280007C30049A126840EA0230086004994868C9
:10D29000D1F808C0CB680A6901386FF35F204FF6F8
:10D2A0000061CFF6FF7101EB4C2189B208440021E7
:10D2B000CFF6FF7101EB034101F4FE0108444FF08A
:10D2C0007F4101EB026101F0FE41084444F2384124
:10D2D000C5F602010860FFE744F22C41C5F60201E1
:10D2E0000091086820F0C000049A52691043086059
:10D2F000086820F02000049A9269104308600868CA
:10D3000020F01000086044F23C42C5F602021068AA
:10D310004FF6F8739843049BDB6940EAC300106042
:10D32000086840F010000860039848B9FFE744F22D
:10D330002C41C5F60201086840F40020086016E0A0
:10D340000398012809D1FFE744F22C41C5F60201F8
:10D35000086840F48010086008E044F22C41C5F6EB
:10D360000201086840F400100860FFE7FFE744F29C
:10D370000041C5F60201086840F080600860F8F7D7
:10D38000CFFF0290FFE744F20040C5F602000068BC
:10D3900000F000610020B0EBD16F0CD1FFE7F8F78F
:10D3A000BFFF0299401A032804D3FFE703208DF83A
:10D3B000170006E0E7E7FFE79DF807008DF8170084
:10D3C000FFE79DF8170006B080BD000000000000D8
:10D3D00080B586B00490039100208DF8070044F2D8
:10D3E0002840C5F60200006800F00300032804D1BD
:10D3F000FFE701208DF81700CBE044F20041C5F6AD
:10D400000201086820F080500860F8F789FF029058
:10D41000FFE744F20040C5F60200006800F000514A
:10D420000020B0EB517F0CD0FFE7F8F779FF0299AD
:10D43000401A032804D3FFE703208DF81700A8E063
:10D44000E7E7FFE744F22841C5F60201086820F04B
:10D450007C70049A126840EA025008600499486897
:10D46000D1F808C0CB680A6901386FF35F204FF626
:10D470000061CFF6FF7101EB4C2189B20844002115
:10D48000CFF6FF7101EB034101F4FE0108444FF0B8
:10D490007F4101EB026101F0FE41084444F240414A
:10D4A000C5F602010860FFE744F22C41C5F602010F
:10D4B0000091086820F44060049A526910430860A3
:10D4C000086820F40070049A9269104308600868A4
:10D4D00020F48070086044F24442C5F602021068ED
:10D4E0004FF6F8739843049BDB6940EAC300106071
:10D4F000086840F480700860039848B9FFE744F278
:10D500002C41C5F60201086840F48000086016E06E
:10D510000398012809D1FFE744F22C41C5F6020126
:10D52000086840F40000086008E044F22C41C5F6A9
:10D530000201086840F080700860FFE7FFE744F2EE
:10D540000041C5F60201086840F080500860F8F715
:10D55000E7FE0290FFE744F20040C5F602000068D3
:10D5600000F000510020B0EB517F0CD1FFE7F8F73D
:10D57000D7FE0299401A032804D3FFE703208DF851
:10D58000170006E0E7E7FFE79DF807008DF81700B2
:10D59000FFE79DF8170006B080BD00000000000006
:10D5A000704700000000000084B0039003980090D2
:10D5B00000980078ADF808000098013000900098BD
:10D5C0000078ADF80600BDF80610BDF8080040EA86
:10D5D0000120ADF80A00BDF80A0004B07047000051
:10D5E00080B582B0009000980138B0F1807F03D3FD
:10D5F000FFE70120019019E0009801384EF2140174
:10D60000CEF2000108604FF0FF300F2109F0ECFB73
:10D610004EF21801CEF20001002008604EF2100216
:10D62000CEF20002072111600190FFE7019802B0DD
:10D6300080BD00000000000080B5F8F779FE80BDD5
:10D6400080B59EB00BA84C21F2F7B7FF00200190E7
:10D650000A90099008900790069005900490039016
:10D660000220FAF7EDF8FFE70020029044F61800D8
:10D67000C5F60200016821F440410160006800F431
:10D68000404002900298FFE7FFE744F61800C5F615
:10D690000200006800F40050B0F5005F01D0FFE721
:10D6A000F3E721200B904FF480300C900121119171
:10D6B0000220149015901690282217921891042198
:10D6C00019911A900C201B9000201C901D900BA803
:10D6D000FBF7DAFF18B1FFE7F3F702FEFFE73F20A1
:10D6E000039003210491002005900820069040201B
:10D6F000079008904FF4806209920A9003A8FBF704
:10D70000A3FB18B1FFE7F3F7EBFDFFE71EB080BD09
:10D710004EF68851CEF20001086840F470000860AF
:10D7200042F20000C5F20020006800F00F00062859
:10D730000AD8FFE742F20001C5F20021086807227B
:10D7400062F303000860FFE744F20041C5F60201FE
:10D75000086840F00100086044F21042C5F6020279
:10D760000020106008684EF67F52CEF6F622104078
:10D77000086042F20000C5F20020006800F00F00CF
:10D7800008280AD3FFE742F20001C5F20021086829
:10D79000072262F303000860FFE744F21841C5F670
:10D7A00002010020086044F21C41C5F60201086035
:10D7B00044F22041C5F60201086044F22842C5F651
:10D7C000020240F20021C0F20221116044F22C4218
:10D7D000C5F602020021C0F2FF11116044F230428E
:10D7E000C5F6020240F28021C0F20111116044F23C
:10D7F0003442C5F60202106044F23842C5F6020215
:10D80000116044F23C42C5F60202106044F240420C
:10D81000C5F60202116044F24441C5F602010860F7
:10D8200044F20042C5F60202116821F48021116021
:10D8300044F26041C5F60201086044F20001C5F2FD
:10D84000002143F2D2000860704700000000000091
:10D8500080B543F25050C2F20040FCF719FF80BD82
:10D8600080B543F29C50C2F20040FCF711FF80BD2E
:10D8700083B0029001910298006800900298002104
:10D88000C4F20101884225D0FFE70298B0F1804F31
:10D8900020D0FFE7029840F20041C4F20001884224
:10D8A00018D0FFE7029840F60001C4F20001884258
:10D8B00010D0FFE7029840F60041C4F20001884210
:10D8C00008D0FFE7029840F20041C4F2010188420B
:10D8D0000AD1FFE7009820F070000090019841689D
:10D8E000009808430090FFE702980021C4F201016C
:10D8F00088424DD0FFE70298B0F1804F48D0FFE753
:10D90000029840F20041C4F20001884240D0FFE793
:10D91000029840F60001C4F20001884238D0FFE7C7
:10D92000029840F60041C4F20001884230D0FFE77F
:10D93000029840F20041C4F20101884228D0FFE77A
:10D94000029844F20001C4F20101884220D0FFE7AE
:10D95000029844F20041C4F20101884218D0FFE766
:10D96000029844F60001C4F20101884210D0FFE79A
:10D9700002984EF20001C4F20001884208D0FFE78D
:10D9800002984EF20041C4F2000188420AD1FFE73A
:10D99000009820F4407000900198C16800980843F6
:10D9A0000090FFE7009820F0800001994969084342
:10D9B0000090009802990860019880680299C862F6
:10D9C000019800680299886202980021C4F201015E
:10D9D000884220D0FFE7029840F20041C4F20101E2
:10D9E000884218D0FFE7029844F20001C4F2010116
:10D9F000884210D0FFE7029844F20041C4F20101CE
:10DA0000884208D0FFE7029844F60001C4F2010101
:10DA1000884205D1FFE70198006902990863FFE792
:10DA200002990120486102980069C00730B1FFE700
:10DA30000299086920F001000861FFE703B0704710
:10DA400084B0039002910192029800F01F0101201E
:10DA500088400090009A0399086A904308620198F0
:10DA6000029901F01F0100FA01F20399086A1043BC
:10DA7000086204B07047000085B0049003910292E0
:10DA80000193049880680090009820F47F400090F3
:10DA900003980299019A41EA022101430098084340
:10DAA000009000980499886005B07047000000005D
:10DAB00083B00290019102988068009000984FF620
:10DAC0008F71CFF6CF7108400090019800990843FC
:10DAD00040F00700009000980299886003B07047FA
:10DAE00085B0049003910498006A01900499086A33
:10DAF00020F0010008620498406800900498806952
:10DB0000029002984FF68F71CFF6FE710840029096
:10DB1000029820F0030002900398016802980843DD
:10DB20000290019820F0020001900398816801980A
:10DB30000843019004980021C4F20101884220D0DA
:10DB4000FFE7049840F20041C4F20101884218D076
:10DB5000FFE7049844F20001C4F20101884210D0AA
:10DB6000FFE7049844F20041C4F20101884208D062
:10DB7000FFE7049844F60001C4F2010188420ED187
:10DB8000FFE7019820F0080001900398C168019810
:10DB900008430190019820F004000190FFE70498E9
:10DBA0000021C4F20101884220D0FFE7049840F22E
:10DBB0000041C4F20101884218D0FFE7049844F202
:10DBC0000001C4F20101884210D0FFE7049844F23A
:10DBD0000041C4F20101884208D0FFE7049844F6EE
:10DBE0000001C4F20101884213D1FFE7009820F43C
:10DBF00080700090009820F40070009003984169B4
:10DC000000980843009003988169009808430090A9
:10DC1000FFE7009804994860029804998861039886
:10DC200040680499486301980499086205B07047F8
:10DC300085B0049003910498006A01900499086AE1
:10DC400020F01000086204984068009004988069F1
:10DC50000290029848F6FF71CFF6FF6108400290EB
:10DC6000029820F44070029003980168029840EAFC
:10DC700001200290019820F0200001900398816813
:10DC8000019840EA0110019004980021C4F20101BA
:10DC9000884229D0FFE7049840F20041C4F2010114
:10DCA000884221D0FFE7049844F20001C4F2010148
:10DCB000884203D1FFE70020B0B9FFE7049844F29F
:10DCC0000041C4F20101884203D1FFE7002058B9A6
:10DCD000FFE7049844F60001C4F20101884212D122
:10DCE000FFE7012078B9FFE7019820F0800001905C
:10DCF0000398C168019840EA01100190019820F052
:10DD000040000190FFE704980021C4F2010188421D
:10DD100020D0FFE7049840F20041C4F2010188429C
:10DD200018D0FFE7049844F20001C4F201018842D0
:10DD300010D0FFE7049844F20041C4F20101884288
:10DD400008D0FFE7049844F60001C4F201018842BC
:10DD500015D1FFE7009820F480600090009820F42F
:10DD60000060009003984169009840EA81000090AB
:10DD700003988169009840EA81000090FFE70098CD
:10DD8000049948600298049988610398406804994E
:10DD9000886301980499086205B07047000000008C
:10DDA00085B0049003910498006A01900499086A70
:10DDB00020F4807008620498406800900498C0695C
:10DDC000029002984FF68F71CFF6FE7108400290D4
:10DDD000029820F00300029003980168029808431B
:10DDE0000290019820F400700190039881680198D6
:10DDF00040EA0120019004980021C4F20101884208
:10DE000029D0FFE7049840F20041C4F201018842A2
:10DE100021D0FFE7049844F20001C4F201018842D6
:10DE200003D1FFE70020B0B9FFE7049844F20041B6
:10DE3000C4F20101884203D1FFE7002058B9FFE78F
:10DE4000049844F60001C4F20101884212D1FFE7B0
:10DE5000012078B9FFE7019820F400600190039851
:10DE6000C168019840EA01200190019820F4806087
:10DE70000190FFE704980021C4F20101884220D0FC
:10DE8000FFE7049840F20041C4F20101884218D033
:10DE9000FFE7049844F20001C4F20101884210D067
:10DEA000FFE7049844F20041C4F20101884208D01F
:10DEB000FFE7049844F60001C4F20101884215D13D
:10DEC000FFE7009820F480500090009820F4005064
:10DED000009003984169009840EA0110009003986F
:10DEE0008169009840EA01100090FFE700980499CA
:10DEF000486002980499C861039840680499C8630F
:10DF000001980499086205B0704700000000000005
:10DF100085B0049003910498006A01900499086AFE
:10DF200020F4805008620498406800900498C0690A
:10DF30000290029848F6FF71CFF6FF610840029008
:10DF4000029820F44070029003980168029840EA19
:10DF500001200290019820F40050019003988168FC
:10DF6000019840EA0130019004980021C4F20101B7
:10DF7000884220D0FFE7049840F20041C4F201013A
:10DF8000884218D0FFE7049844F20001C4F201016E
:10DF9000884210D0FFE7049844F20041C4F2010126
:10DFA000884208D0FFE7049844F60001C4F201015A
:10DFB00088420BD1FFE7009820F48040009003983E
:10DFC0004169009840EA81100090FFE700980499A9
:10DFD000486002980499C8610398406804990864ED
:10DFE00001980499086205B0704700000000000025
:10DFF00085B0049003910498006A01900499086A1E
:10E0000020F4803008620498406800900498406DC5
:10E01000029002984FF68F71CFF6FE710840029081
:10E0200003980168029808430290019820F4003098
:10E03000019003988168019840EA0140019004989A
:10E040000021C4F20101884220D0FFE7049840F289
:10E050000041C4F20101884218D0FFE7049844F25D
:10E060000001C4F20101884210D0FFE7049844F295
:10E070000041C4F20101884208D0FFE7049844F649
:10E080000001C4F2010188420BD1FFE7009820F49F
:10E090008030009003984169009840EA0120009088
:10E0A000FFE700980499486002980499486503982E
:10E0B00040680499886501980499086205B0704722
:10E0C00085B0049003910498006A01900499086A4D
:10E0D00020F4801008620498406800900498406D15
:10E0E0000290029848F6FF71CFF6FF610840029057
:10E0F00003980168029840EA01200290019820F4F8
:10E100000010019003988168019840EA0150019045
:10E1100004980021C4F20101884220D0FFE704984E
:10E1200040F20041C4F20101884218D0FFE7049890
:10E1300044F20001C4F20101884210D0FFE70498C4
:10E1400044F20041C4F20101884208D0FFE704987C
:10E1500044F60001C4F2010188420BD1FFE70098A8
:10E1600020F48020009003984169009840EA8120C3
:10E170000090FFE700980499486002980499486568
:10E18000039840680499C86501980499086205B02D
:10E19000704700000000000085B0049003910292D7
:10E1A0000498006A00900499086A20F0010008624F
:10E1B000049880690190019820F0F0000190029984
:10E1C000019840EA01100190009820F00A000090A8
:10E1D0000399009808430090019804998861009879
:10E1E0000499086205B0704785B0049003910292CB
:10E1F0000498006A00900499086A20F010000862F0
:10E20000049880690190019820F47040019002996F
:10E21000019840EA01300190009820F0A0000090A1
:10E220000399009840EA01100090019804998861D0
:10E2300000980499086205B07047000000000000D3
:10E2400080B582B005F038FF0420DFED2C0AB0EE77
:10E25000600A05F001FF42F6F450C2F2004043F6B6
:10E26000F151C0F6010105F0C3F842F69460C2F224
:10E27000004043F67161C0F6010105F0B9F843F2C0
:10E280001070C2F2004043F68141C0F60101402205
:10E2900000F05EFB43F22160C0F601000B2104F0A8
:10E2A0009FFD43F25050C2F20040009043F6E161FE
:10E2B000C0F6010105F040FF43F29C50C2F200405D
:10E2C000019043F62151C0F6010105F035FF42F2FD
:10E2D0005020C2F200409FED0A0A07F07DFA009834
:10E2E000FCF756F80198FCF753F843F2A471C2F218
:10E2F00000410120087002B080BD00BF0000000096
:10E300008FC2F53C0000000080B543F21070C2F2ED
:10E310000040FDF741FB80BD82B001900198406E46
:10E3200040B9FFE701990120A1F86A000199A1F81D
:10E33000680032E010208DF803008DF8020001988B
:10E3400000688068C0F342608DF8010001980068A1
:10E350008068400F8DF800009DF802009DF80020B5
:10E3600047F2BC03C0F60103995C484347F2B4018D
:10E37000C0F601018A5CB0FBF2F0019AA2F86A00D3
:10E380009DF803009DF801209B5C5843895CB0FB1D
:10E39000F1F00199A1F86800FFE702B070470000B2
:10E3A00081B00090009890F82800000700280BD555
:10E3B000FFE700980068406820F40040009A116868
:10E3C000926B10434860FFE7009890F82800C00760
:10E3D00058B1FFE700980068406820F40030009AC8
:10E3E0001168D26A10434860FFE7009890F828004F
:10E3F000800700280BD5FFE700980068406820F4EC
:10E400008030009A1168126B10434860FFE7009853
:10E4100090F82800400700280BD5FFE70098006817
:10E42000406820F48020009A1168526B10434860C5
:10E43000FFE7009890F82800C00600280BD5FFE7FA
:10E4400000980068806820F48050009A1168D26BB0
:10E4500010438860FFE7009890F8280080060028A5
:10E460000BD5FFE700980068806820F40050009A00
:10E470001168126C10438860FFE7009890F828003C
:10E48000400600281CD5FFE700980068406820F48B
:10E490008010009A1168526C104348600098406CDC
:10E4A000B0F5801F0BD1FFE700980068406820F4AA
:10E4B000C000009A1168926C10434860FFE7FFE7C4
:10E4C000009890F82800000600280BD5FFE7009878
:10E4D0000068406820F40020009A1168D26C104354
:10E4E0004860FFE701B0704780B588B00690069994
:10E4F0000020C1F89000F7F713FF05900698006818
:10E500000068000700282FD5FFE70698059B6A469C
:10E510006FF07E4111604FF40011002201F074F998
:10E5200008B3FFE7FFE7FFE70698006850E8000F31
:10E5300020F080000490FFE704990698026842E802
:10E5400000100028F0D1FFE7FFE706992020C1F86E
:10E550008800FFE70699002081F88400FFE7032088
:10E560008DF81F005FE0FFE706980068006840072D
:10E57000002842D5FFE70698059B6A466FF07E416A
:10E5800011604FF48001002201F03EF9A0B3FFE7D3
:10E59000FFE7FFE70698006850E8000F20F490704E
:10E5A0000390FFE703990698026842E800100028EC
:10E5B000F0D1FFE7FFE7FFE7FFE70698006850E8C4
:10E5C000020F20F001000290FFE70299069802680E
:10E5D00042E802100028F0D1FFE7FFE7069920206B
:10E5E000C1F88C00FFE70699002081F88400FFE75E
:10E5F00003208DF81F0016E0FFE706992020C1F8E0
:10E6000088000699C1F88C0006990020C866069912
:10E610000867FFE70699002081F88400FFE70020E3
:10E620008DF81F00FFE79DF81F0008B080BD0000B7
:10E6300080B582B001900198806B00900099002015
:10E64000A1F85E000099A1F856000098FDF7A0F926
:10E6500002B080BD0000000080B584B00390039834
:10E66000806B02900298D0F8880001900298D0F850
:10E670008C000090029800688068000600280CD585
:10E68000FFE70198212808D1FFE702990020A1F8AF
:10E690005600029800F02CF9FFE7029800688068A5
:10E6A000400600280CD5FFE70098222808D1FFE794
:10E6B00002990020A1F85E00029800F0A5F8FFE79B
:10E6C0000299D1F8900040F01000C1F89000029833
:10E6D000FDF75EF904B080BD80B586B00590059861
:10E6E000806B04900598C069B0F5807F5BD0FFE730
:10E6F00004990020A1F85E00FFE7FFE70498006896
:10E7000050E8000F20F480700390FFE7039904980D
:10E71000026842E800100028F0D1FFE7FFE7FFE7BA
:10E72000FFE70498006850E8020F20F00100029013
:10E73000FFE702990498026842E802100028F0D12D
:10E74000FFE7FFE7FFE7FFE70498006850E8020FE4
:10E7500020F040000190FFE701990498026842E828
:10E7600002100028F0D1FFE7FFE704992020C1F84C
:10E770008C000498C06E012814D1FFE7FFE7FFE783
:10E780000498006850E8000F20F010000090FFE7A8
:10E7900000990498026842E800100028F0D1FFE7D1
:10E7A000FFE7FFE7FFE70499002008670498C06EC1
:10E7B000012806D1FFE70498B0F85C10FCF7E4FDEF
:10E7C00003E00498FDF7A8FEFFE706B080BD000057
:10E7D00080B582B001900198806B00900099012073
:10E7E00008670098C06E012807D1FFE70098B0F8CD
:10E7F0005C104908FCF7C8FD03E00098FDF790FEA7
:10E80000FFE702B080BD000084B00390FFE7FFE7A0
:10E810000398006850E8000F20F490700290FFE722
:10E8200002990398026842E800100028F0D1FFE73F
:10E83000FFE7FFE7FFE70398006850E8020F4FF695
:10E84000FE71CEF6FF7108400190FFE70199039831
:10E85000026842E802100028EDD1FFE7FFE70398C5
:10E86000C06E012814D1FFE7FFE7FFE703980068B7
:10E8700050E8000F20F010000090FFE70099039887
:10E88000026842E800100028F0D1FFE7FFE7FFE749
:10E8900003992020C1F88C0003990020C8660399D1
:10E8A000486704B07047000080B582B00190FFE770
:10E8B000FFE70198006850E8000F20F0400000904A
:10E8C000FFE700990198026842E800100028F0D1A3
:10E8D000FFE7FFE701992020C1F888000199002097
:10E8E00088670198FDF720FE02B080BD000000009F
:10E8F00083B00290FFE7FFE70298006850E8000F3E
:10E9000020F0C0000190FFE701990298026842E8F8
:10E9100000100028F0D1FFE7FFE7FFE7FFE70298CC
:10E92000006850E8020F20F400000090FFE7009913
:10E930000298026842E802100028F0D1FFE7FFE7E2
:10E9400002992020C1F8880003B070470000000041
:10E9500080B584B003900291ADF80620039800685A
:10E9600041F20001C4F20101884214D1FFE703988B
:10E9700040F22041C2F2004108600298C1F80C0147
:10E98000BDF80600A1F804010398B1F80421843110
:10E99000FCF7A2FC73E10398006845F20001C4F2A1
:10E9A0000001884240F0F280FFE7039840F66001E2
:10E9B000C2F20041009108600298C1F80C01BDF854
:10E9C0000600A1F804010398FCF742FF00990398A0
:10E9D00002681020106203980268082010620398F1
:10E9E00002680220106203980268042010620398F3
:10E9F000B1F804215200843192B2FCF76DFC039807
:10EA0000D0F88000002800F0C080FFE70398D0F81D
:10EA1000800000681021C4F20201884200F0A28048
:10EA2000FFE70398D0F8800000682821C4F20201B3
:10EA3000884200F09780FFE70398D0F880000068D4
:10EA40004021C4F20201884200F08C80FFE7039865
:10EA5000D0F8800000685821C4F20201884200F01A
:10EA60008180FFE70398D0F8800000687021C4F22D
:10EA70000201884276D0FFE70398D0F88000006852
:10EA80008821C4F2020188426CD0FFE70398D0F8D5
:10EA900080000068A021C4F20201884262D0FFE732
:10EAA0000398D0F880000068B821C4F202018842BF
:10EAB00058D0FFE70398D0F88000006840F210417A
:10EAC000C4F2020188424DD0FFE70398D0F88000DD
:10EAD000006840F22841C4F20201884242D0FFE7B8
:10EAE0000398D0F88000006840F24041C4F202016F
:10EAF000884237D0FFE70398D0F88000006840F2E2
:10EB00005841C4F2020188422CD0FFE70398D0F8A4
:10EB10008000006840F27041C4F20201884221D0B6
:10EB2000FFE70398D0F88000006840F28841C4F203
:10EB30000201884216D0FFE70398D0F880000068F1
:10EB400040F2A041C4F2020188420BD0FFE70398D3
:10EB5000D0F88000006840F2B841C4F20201884257
:10EB600009D1FFE70398D0F880000168086820F019
:10EB70000800086008E00398D0F880000168086881
:10EB800020F004000860FFE7FFE777E003980068E3
:10EB900047F60001C4F20001884214D1FFE7039850
:10EBA00040F68021C2F2004108600298C1F80C01D1
:10EBB000BDF80600A1F804010398B1F804218431DE
:10EBC000FCF78AFB59E00398006847F60041C4F25D
:10EBD0000001884214D1FFE7039840F69031C2F259
:10EBE000004108600298C1F80C01BDF80600A1F8C8
:10EBF00004010398B1F804218431FCF76DFB3BE07C
:10EC00000398006841F60001C4F20101884214D162
:10EC1000FFE7039840F6A041C2F200410860029865
:10EC2000C1F80C01BDF80600A1F804010398B1F881
:10EC300004218431FCF750FB1DE00398006841F685
:10EC40000041C4F20101884214D1FFE7039840F269
:10EC50001031C2F2004108600298C1F80C01BDF801
:10EC60000600A1F804010398B1F804218431FCF7EF
:10EC700033FBFFE7FFE7FFE7FFE7FFE7FFE704B04E
:10EC800080BD00000000000080B59EB01D900020F7
:10EC90008DF867001D98006840F60041C5F6000138
:10ECA000884201D1FFE700E0FFE71D9988680B6902
:10ECB0004A69C9691843104308431C901D980068AD
:10ECC000006846F6F311CCF6FF7108401C99084322
:10ECD0001D99096808601D980068406820F440503C
:10ECE0001D9A1168D268104348601D9880691C9075
:10ECF0001D98006840F60041C5F60001884206D024
:10ED0000FFE71D98016A1C9808431C90FFE71D98B7
:10ED1000006880684FF2FF41C1F2FF1108401C9962
:10ED200008431D99096888601D980068C06A20F032
:10ED30000F001D9A1168526A1043C862FFE71D98C0
:10ED4000006841F20001C4F20101884240F04180B4
:10ED5000FFE744F25440C5F60200006800F03800B6
:10ED60000146109128282FD81099DFE801F0152DC1
:10ED70002D2D2D2D2D2D192D2D2D2D2D2D2D1D2DE7
:10ED80002D2D2D2D2D2D212D2D2D2D2D2D2D252DC7
:10ED90002D2D2D2D2D2D290001208DF86D0017E032
:10EDA00004208DF86D0013E008208DF86D000FE051
:10EDB00010208DF86D000BE020208DF86D0007E02D
:10EDC00040208DF86D0003E080208DF86D00FFE796
:10EDD0006CE21D98006844F20041C4F200018842D0
:10EDE0002ED1FFE744F25440C5F60200006800F05F
:10EDF000070001460F9105281DD80F99DFE801F0A3
:10EE000003070B0F131700208DF86D0017E0042087
:10EE10008DF86D0013E008208DF86D000FE01020D4
:10EE20008DF86D000BE020208DF86D0007E040208C
:10EE30008DF86D0003E080208DF86D00FFE734E26F
:10EE40001D98006844F60001C4F2000188422ED1EA
:10EE5000FFE744F25440C5F60200006800F00700E6
:10EE600001460E9105281DD80E99DFE801F0030731
:10EE70000B0F131700208DF86D0017E004208DF89C
:10EE80006D0013E008208DF86D000FE010208DF864
:10EE90006D000BE020208DF86D0007E040208DF81C
:10EEA0006D0003E080208DF86D00FFE7FCE11D9808
:10EEB000006844F60041C4F2000188422ED1FFE709
:10EEC00044F25440C5F60200006800F00700014615
:10EED0000D9105281DD80D99DFE801F003070B0FF0
:10EEE000131700208DF86D0017E004208DF86D00D9
:10EEF00013E008208DF86D000FE010208DF86D00F4
:10EF00000BE020208DF86D0007E040208DF86D00AB
:10EF100003E080208DF86D00FFE7C4E11D980068D4
:10EF200045F20001C4F2000188422ED1FFE744F20D
:10EF30005440C5F60200006800F0070001460C913D
:10EF400005281DD80C99DFE801F003070B0F1317F4
:10EF500000208DF86D0017E004208DF86D0013E09F
:10EF600008208DF86D000FE010208DF86D000BE08B
:10EF700020208DF86D0007E040208DF86D0003E043
:10EF800080208DF86D00FFE78CE11D98006841F24C
:10EF90000041C4F20101884240F04180FFE744F2A1
:10EFA0005440C5F60200006800F0380001460B919D
:10EFB00028282FD80B99DFE801F0152D2D2D2D2DA8
:10EFC0002D2D192D2D2D2D2D2D2D1D2D2D2D2D2D95
:10EFD0002D2D212D2D2D2D2D2D2D252D2D2D2D2D75
:10EFE0002D2D290001208DF86D0017E004208DF8EB
:10EFF0006D0013E008208DF86D000FE010208DF8F3
:10F000006D000BE020208DF86D0007E040208DF8AA
:10F010006D0003E080208DF86D00FFE741E11D9851
:10F02000006847F60001C4F2000188422ED1FFE7D4
:10F0300044F25440C5F60200006800F007000146A3
:10F040000A9105281DD80A99DFE801F003070B0F84
:10F05000131700208DF86D0017E004208DF86D0067
:10F0600013E008208DF86D000FE010208DF86D0082
:10F070000BE020208DF86D0007E040208DF86D003A
:10F0800003E080208DF86D00FFE709E11D9800681E
:10F0900047F60041C4F2000188422ED1FFE744F256
:10F0A0005440C5F60200006800F0070001460991CF
:10F0B00005281DD80999DFE801F003070B0F131786
:10F0C00000208DF86D0017E004208DF86D0013E02E
:10F0D00008208DF86D000FE010208DF86D000BE01A
:10F0E00020208DF86D0007E040208DF86D0003E0D2
:10F0F00080208DF86D00FFE7D1E01D98006841F693
:10F100000001C4F20101884240F04180FFE744F26F
:10F110005440C5F60200006800F03800014608912E
:10F1200028282FD80899DFE801F0152D2D2D2D2D39
:10F130002D2D192D2D2D2D2D2D2D1D2D2D2D2D2D23
:10F140002D2D212D2D2D2D2D2D2D252D2D2D2D2D03
:10F150002D2D290001208DF86D0017E004208DF879
:10F160006D0013E008208DF86D000FE010208DF881
:10F170006D000BE020208DF86D0007E040208DF839
:10F180006D0003E080208DF86D00FFE786E01D989C
:10F19000006841F60041C4F20101884240F041801C
:10F1A000FFE744F25440C5F60200006800F0380062
:10F1B0000146079128282FD80799DFE801F0152D7F
:10F1C0002D2D2D2D2D2D192D2D2D2D2D2D2D1D2D93
:10F1D0002D2D2D2D2D2D212D2D2D2D2D2D2D252D73
:10F1E0002D2D2D2D2D2D290001208DF86D0017E0DE
:10F1F00004208DF86D0013E008208DF86D000FE0FD
:10F2000010208DF86D000BE020208DF86D0007E0D8
:10F2100040208DF86D0003E080208DF86D00FFE741
:10F220003BE01D98006840F60041C5F600018842A9
:10F230002ED1FFE744F25840C5F60200006800F006
:10F2400007000146069105281DD80699DFE801F060
:10F2500003070B0F131702208DF86D0017E0042031
:10F260008DF86D0013E008208DF86D000FE0102080
:10F270008DF86D000BE020208DF86D0007E0402038
:10F280008DF86D0003E080208DF86D00FFE703E04E
:10F2900080208DF86D00FFE7FFE7FFE7FFE7FFE75E
:10F2A000FFE7FFE7FFE7FFE7FFE7FFE7FFE71D985F
:10F2B000006840F60041C5F60001884240F0B48085
:10F2C000FFE79DF86D0001460591022814D0FFE785
:10F2D0000598042814D0FFE70598082816D0FFE702
:10F2E0000598102818D0FFE70598202835D0FFE7AB
:10F2F0000598402837D03AE0F8F702FB11903CE03F
:10F3000015A8F8F711FB1698119036E012A8F8F737
:10F3100057FC1398119030E044F20040C5F602000B
:10F32000006800F020010020B0EB511F0ED0FFE775
:10F3300044F20040C5F602000068C0F3C10149F282
:10F340000000C0F2D030C840119005E049F2000042
:10F35000C0F2D0301190FFE70FE040F60010C0F28D
:10F360003D00119009E04FF40040119005E00020AD
:10F37000119001208DF86700FFE71198002852D006
:10F38000FFE711981D994A6A47F2C401C0F60101CE
:10F3900031F81210B0FBF1F0189018981D994968D7
:10F3A00001EB4101884207D3FFE718981D9949688E
:10F3B000B0EB013F04D9FFE701208DF8670031E091
:10F3C00011981D994A6803924A6A47F2C401C0F62F
:10F3D000010131F81220002304931946F0F7FEFFD3
:10F3E000039A049B090241EA1061000210EB5200EB
:10F3F00041F10001F0F7F2FF1A901A98B0F5407F42
:10F400000BD3FFE71A990020B0EB115F05D1FFE79E
:10F410001A981D990968C86003E001208DF86700FB
:10F42000FFE7FFE7FFE746E11D98C069B0F5004F31
:10F4300040F0A880FFE79DF86D000146029140284A
:10F4400000F263800299DFE801F021256060296005
:10F4500060602F6060606060606035606060606008
:10F4600060606060606060606060566060606060A6
:10F47000606060606060606060606060606060608C
:10F48000606060606060606060605C00F9F754FF1D
:10F49000119040E0F9F764FF11903CE015A8F8F7EF
:10F4A00043FA1698119036E012A8F8F789FB1398E2
:10F4B000119030E044F20040C5F60200006800F010
:10F4C00020010020B0EB511F0ED0FFE744F20040B6
:10F4D000C5F602000068C0F3C10149F20000C0F2A5
:10F4E000D030C840119005E049F20000C0F2D030A1
:10F4F0001190FFE70FE040F60010C0F23D001190C0
:10F5000009E04FF40040119005E000201190012027
:10F510008DF86700FFE7119898B3FFE711981D9ADF
:10F520005168536A47F2C402C0F6010232F8132050
:10F53000B0FBF2F0400000EB5100B0FBF1F01A908C
:10F540001A98102818D3FFE7BDF86A00A0B9FFE7A2
:10F550001A9820F00F00ADF86E001A9800F00E0116
:10F56000BDF86E0040EA5100ADF86E00BDF86E00C7
:10F570001D990968C86003E001208DF86700FFE766
:10F58000FFE797E09DF86D0001460191402800F2E9
:10F5900063800199DFE801F02125606029606060E7
:10F5A0002F606060606060603560606060606060B7
:10F5B0006060606060606060566060606060606055
:10F5C000606060606060606060606060606060603B
:10F5D00060606060606060605C00F9F7ADFE119093
:10F5E00040E0F9F7BDFE11903CE015A8F8F79CF952
:10F5F0001698119036E012A8F8F7E2FA13981190D5
:10F6000030E044F20040C5F60200006800F020013E
:10F610000020B0EB511F0ED0FFE744F20040C5F6CA
:10F6200002000068C0F3C10149F20000C0F2D0300E
:10F63000C840119005E049F20000C0F2D0301190AE
:10F64000FFE70FE040F60010C0F23D00119009E026
:10F650004FF40040119005E00020119001208DF83A
:10F660006700FFE7119820B3FFE711981D9A5168D2
:10F67000536A47F2C402C0F6010232F81320B0FB0D
:10F68000F2F000EB5100B0FBF1F01A901A9810283C
:10F690000AD3FFE7BDF86A0030B9FFE7BDF868009C
:10F6A0001D990968C86003E001208DF86700FFE735
:10F6B000FFE7FFE7FFE71D990120A1F86A001D9908
:10F6C000A1F868001D99002048671D9988679DF87A
:10F6D00067001EB080BD000080B588B0069005911F
:10F6E000ADF81220059806998865BDF812000699B4
:10F6F000A1F85C0006990020C1F89000069922202C
:10F70000C1F88C000698D0F88000B0B3FFE70698E7
:10F71000D0F880104EF2D960C0F60000C863069899
:10F72000D0F880104EF2D170C0F600000864069840
:10F73000D0F880104EF25960C0F60000C8640698F8
:10F74000D0F880100020086506980168826DD0F816
:10F7500080002431BDF81230F4F786FD60B1FFE778
:10F7600006991020C1F8900006992020C1F88C005D
:10F7700001208DF81F0042E0FFE706980069A0B164
:10F78000FFE7FFE7FFE70698006850E8000F40F446
:10F7900080700390FFE703990698026842E8001022
:10F7A0000028F0D1FFE7FFE7FFE7FFE7FFE7069854
:10F7B000006850E8020F40F001000290FFE7029954
:10F7C0000698026842E802100028F0D1FFE7FFE740
:10F7D000FFE7FFE70698006850E8020F40F040009E
:10F7E0000190FFE701990698026842E8021000289C
:10F7F000F0D1FFE7FFE700208DF81F00FFE79DF83D
:10F800001F0008B080BD000080B586B0DDF820C0C4
:10F81000049003918DF80B200193FFE70498006892
:10F82000C06903990840401AB0FA80F040099DF879
:10F830000B10884266D1FFE708980130002860D09D
:10F84000FFE7F6F76DFD0199401A0899884203D841
:10F85000FFE7089820B9FFE703208DF8170055E06F
:10F860000498006800684007002849D5FFE703981E
:10F87000802845D0FFE70398402841D0FFE704984F
:10F880000068C06900F008010120B0EBD10F16D16B
:10F89000FFE7049801680820009008620498FEF7CA
:10F8A000B3FF00980499C1F89000FFE70499002085
:10F8B00081F88400FFE701208DF8170026E0049806
:10F8C0000068C06900F400610120B0EBD12F16D1AF
:10F8D000FFE7049801684FF4006008620498FEF79F
:10F8E00093FF04992020C1F89000FFE704990020BD
:10F8F00081F88400FFE703208DF8170006E0FFE79A
:10F90000FFE78BE700208DF81700FFE79DF8170051
:10F9100006B080BD0000000080B543F27C60C2F2FA
:10F920000040FCF739F880BD80B543F2E850C2F2E0
:10F930000040FCF731F880BD80B586B004908DF8AA
:10F940000F100498D0F8C80201900498D0F8D4128F
:10F9500000EB8100D0F8C00220B9FFE703208DF84A
:10F9600017005FE00498D0F8D41200EB8100D0F8C3
:10F97000C002029004989DF80F1001F00F0101EBF6
:10F98000810100EB8100806940B3FFE704989DF896
:10F990000F1001F00F0101EB810200EB8200826980
:10F9A000019801EBC10100EB8100C169B2FBF1F0EC
:10F9B00000FB112090B9FFE704989DF80F1001F0AB
:10F9C0000F0101EB810100EB8100002383610498AA
:10F9D0009DF80F101A4601F0BFFD1FE002990020AC
:10F9E000C1F814020498D0F8D41200EB8100D0F8CA
:10F9F000C402006988B1FFE70498D0F8D41200EB84
:10FA00008100D0F8C40203690299D1F8080201F517
:10FA100004719DF80F209847FFE7FFE700208DF85D
:10FA20001700FFE79DF8170006B080BD000000003A
:10FA300080B584B002908DF807100298D0F8D412E7
:10FA400000EB8100D0F8C00200900298D0F8D412E8
:10FA500000EB8100D0F8C00220B9FFE703208DF849
:10FA60000F0019E002989DF8071001F0E5FA0099DF
:10FA7000C1F80C020298D0F8D41200EB8100D0F843
:10FA8000C402C2680099D1F8040201F503719047DD
:10FA900000208DF80F00FFE79DF80F0004B080BD37
:10FAA00080B586B005908DF81310059840F20101DD
:10FAB000C2F200410091097801F0D2F8009905984E
:10FAC000097801F00F0101EB810100EB81010020B9
:10FAD00003908884059840F20201C2F2004101912E
:10FAE000097801F0BDF8019A03980599127802F09F
:10FAF0000F0202EB820201EB8201A1F8640105987A
:10FB000040F20001C2F200410291097801F0A8F828
:10FB1000029A03980599137803F00F0303EB83030C
:10FB200001EB830188840599127802F00F0202EB41
:10FB3000820201EB8201C8840598D0F8D41200EB50
:10FB40008100D0F8C002F0B1FFE70598D0F8D412D8
:10FB500000EB8100D0F8C402406880470598D0F8D7
:10FB6000D41200EB8100D0F8C00202F0A1F9059890
:10FB7000D0F8D41200EB81010020C1F8C002059931
:10FB8000C1F8BC02FFE7002006B080BD0000000005
:10FB900080B584B002900298D0F8D41200EB8100B6
:10FBA000D0F8C0020190019820B9FFE703208DF83A
:10FBB0000F0025E00298D0F8D41200EB8100D0F8B5
:10FBC000C402C8B1FFE7019890F80002FF2813D0E3
:10FBD000FFE70298D0F8D41200EB8100D0F8C402FD
:10FBE0008368019991F8000291F8012298470199E0
:10FBF000FF2081F80002FFE700208DF80F00FFE7EB
:10FC00009DF80F0004B080BD81B0009000990A20DB
:10FC1000088040F2A800C2F2004001B07047000026
:10FC200080B586B0059040F26400C2F200400190B9
:10FC3000822100F0D5FD014601980491012100F0D8
:10FC4000CFFD014601980391812100F0C9FD02908A
:10FC5000049820B1FFE7049910208871FFE703980A
:10FC600020B1FFE7039940208880FFE7029820B188
:10FC7000FFE7029940208880FFE70599432008802C
:10FC800040F26400C2F2004006B080BD00000000F7
:10FC900080B586B0059040F26400C2F20040019049
:10FCA000822100F09DFD014601980491012100F0A0
:10FCB00097FD014601980391812100F091FD02908A
:10FCC000049820B1FFE7049910208871FFE703989A
:10FCD00028B1FFE703994FF400708880FFE702988E
:10FCE00028B1FFE702994FF400708880FFE705997B
:10FCF0004320088040F26400C2F2004006B080BD9C
:10FD000080B586B0059040F26400C2F200400190D8
:10FD1000822100F065FD014601980491012100F067
:10FD20005FFD014601980391812100F059FD029089
:10FD3000049820B1FFE7049910208871FFE7039829
:10FD400020B1FFE7039940208880FFE7029820B1A7
:10FD5000FFE7029940208880FFE70599432008804B
:10FD600040F26400C2F2004006B080BD0000000016
:10FD700080B590B00E908DF837104FF4077002F0F8
:10FD80009BF80C900C9860B9FFE70E98D0F8D4124D
:10FD900000EB81010020C1F8C00202208DF83F0075
:10FDA000F0E00C984FF40771F0F707FC0C980E99EF
:10FDB000D1F8D42201EB8201C1F8C0020E99D1F82A
:10FDC000D40201EB8000D0F8C002C1F8BC020E984A
:10FDD000007C002840D1FFE70E9840F20101C2F2FA
:10FDE000004107910978022208924FF400730993A9
:10FDF00001F016FA0799089A099B0E98097801F004
:10FE00000F0101EB810100EB810101200B9088843F
:10FE10000E9840F20201C2F200410A91097801F005
:10FE2000FFF90A9A0B980E99127802F00F0202EB72
:10FE3000820201EB8201A1F864010E9840F20001F8
:10FE4000C2F20041097801F00F0101EB810100EBE2
:10FE500081011020C8843EE00E9840F20101C2F2F8
:10FE6000004102910978022203924023049301F099
:10FE7000D7F90299039A049B0E98097801F00F01B3
:10FE800001EB810100EB81010120069088840E982E
:10FE900040F20201C2F200410591097801F0C0F977
:10FEA000059A06980E99127802F00F0202EB820270
:10FEB00001EB8201A1F864010E9840F20001C2F248
:10FEC0000041097801F00F0101EB810100EB810194
:10FED0001020C884FFE70E9840F20001C2F20041F2
:10FEE000009109780322082301F09AF900990E98ED
:10FEF000097801F00F0101EB810100EB8101012084
:10FF000088840C9900200190C1F804020E98D0F862
:10FF1000D41200EB8100D0F8C40200688047019839
:10FF20000C99C1F814020C99C1F818020C98D0F879
:10FF3000040220B9FFE702208DF83F0022E00E986E
:10FF4000007C70B9FFE70E9840F20201C2F2004156
:10FF500009780C9AD2F804224FF4007301F088F962
:10FF60000CE00E9840F20201C2F2004109780C9AAE
:10FF7000D2F80422402301F07BF9FFE700208DF83E
:10FF80003F00FFE79DF83F0010B080BD000000007B
:10FF900080B584B002900298D0F8D41200EB8100B2
:10FFA000D0F8C00201900298D0F8D41200EB810082
:10FFB000D0F8C00220B9FFE703208DF80F0022E03F
:10FFC0000298007C70B9FFE7029840F20201C2F289
:10FFD00000410978019AD2F804224FF4007301F02D
:10FFE00047F90CE0029840F20201C2F200410978A0
:10FFF000019AD2F80422402301F03AF9FFE70020E9
:020000040801F1
:100000008DF80F00FFE79DF80F0004B080BD0000E1
:1000100083B001900091009820B9FFE703208DF88C
:100020000B000BE000980199D1F8D42201EB82017A
:10003000C1F8C40200208DF80B00FFE79DF80B000B
:1000400003B070470000000084B002900191029854
:10005000D0F8D41200EB8100D0F8C00200900098D4
:1000600020B9FFE703208DF80F0007E00198009901
:10007000C1F8040200208DF80F00FFE79DF80F0083
:1000800004B070470000000085B003900291019217
:100090000398D0F8D41200EB8100D0F8C002009091
:1000A000009820B9FFE703208DF813000BE00298B9
:1000B0000099C1F8080201980099C1F810020020C7
:1000C0008DF81300FFE79DF8130005B0704700009E
:1000D00080B58AB0089007910898D0F8D41200EB48
:1000E0008100D0F8C002069000208DF81500ADF810
:1000F00012008DF81100069820B9FFE703208DF853
:100100002700C7E00798007800F0600001460391DF
:1001100000285ED0FFE70398202840F0AE80FFE77C
:100120000798C088002846D0FFE7079800780006A7
:10013000002823D5FFE70898D0F8D41200EB8100FF
:10014000D0F8C4028368079A50780699D2889847F5
:100150000798C088082803D3FFE70720029003E030
:100160000798C0880290FFE70298ADF8160008983B
:100170000699BDF8162000F03FF91BE0079840787B
:10018000069981F800020798C0883F2804D8FFE745
:100190000798C088019002E040200190FFE7019895
:1001A000069981F801020898069991F8012200F059
:1001B000F3F8FFE70CE00898D0F8D41200EB8100C8
:1001C000D0F8C40283680799487800229847FFE76F
:1001D0005BE007984078014600910B2844D80099CD
:1001E000DFE801F0064142424242424242421C32B2
:1001F000089890F89C02032807D1FFE708980DF1B2
:100200001201022200F0F8F807E00898079900F0C0
:10021000B3F803208DF81100FFE72DE0089890F85F
:100220009C02032807D1FFE708980DF11501012270
:1002300000F0E2F807E00898079900F09DF8032025
:100240008DF81100FFE717E0089890F89C0203284A
:1002500008D0FFE70898079900F08EF803208DF882
:100260001100FFE708E007E00898079900F084F81C
:1002700003208DF81100FFE707E00898079900F0C8
:100280007BF803208DF81100FFE79DF811008DF831
:100290002700FFE79DF827000AB080BD000000009E
:1002A00080B582B001908DF8031000208DF8020017
:1002B0000198D0F8B8124A689DF80310904720B111
:1002C000FFE703208DF80200FFE79DF8020002B06F
:1002D00080BD00000000000080B582B00190009158
:1002E000019890F89C02013802280ED8FFE7009888
:1002F0004088012808D1FFE701990020C1F8A40235
:10030000019800F095F8FFE704E00198009900F0EB
:1003100033F8FFE702B080BD82B001908DF8031082
:10032000002002B07047000082B001908DF80310E9
:10033000002002B07047000080B584B003900291A5
:1003400001920398029A019B0021009100F090FF16
:10035000009804B080BD000080B584B00390029185
:1003600001920398029A019B0021009101F0F4F898
:10037000009804B080BD000080B582B0019000916B
:100380000198802101F094F80198002101F090F883
:1003900002B080BD0000000080B584B003900291DF
:1003A000019203990320C1F8940201980399C1F8BE
:1003B000580101980399C1F85C010398029A019BC6
:1003C0000021009100F054FF009804B080BD0000AF
:1003D00080B582B0019001990520C1F8940201987E
:1003E0000023009319461A4600F042FF009802B01D
:1003F00080BD00000000000080B584B00390029131
:10040000019203990220C1F894020198039988612E
:1004100001980399C8610398029A019B00210091F9
:1004200001F09AF8009804B080BD000000000000C0
:1004300080B582B0019001990420C1F8940201981E
:100440000023009319461A4601F086F8009802B07E
:1004500080BD00000000000080B584B003900291D0
:100460000298C088012805D0FFE703980299FFF79A
:1004700083FF21E0039890F89C12481E0191022806
:1004800004D3FFE7019803280AD00FE00399002066
:100490008860039800F108010122FFF7ADFF0AE030
:1004A0000398011D0122FFF7A7FF04E003980299BA
:1004B000FFF762FFFFE7FFE704B080BD0000000028
:1004C00080B588B0079006910020ADF81600049022
:1004D0008DF80F000698C0780138014602910E2869
:1004E00000F241810299DFE811F02A003400510046
:1004F0003E013E010B0123013E013E013E013E0152
:100500003E013E013E010F000798D0F8B402C069D9
:1005100050B1FFE70798D0F8B412CA69007C0DF11A
:1005200016019047049009E007980699FFF724FF09
:100530009DF80F0001308DF80F00FFE71DE10798CF
:10054000D0F8B4120A68007C0DF1160190470490AF
:1005500013E10798007C60B9FFE70798D0F8B8026C
:10056000816A0DF1160088470490049902204870B2
:100570000BE00798D0F8B802C16A0DF11600884761
:100580000490049902204870FFE7F6E0069880780E
:1005900001460191052800F2A8800199DFE801F0E9
:1005A000031E39546F8A0798D0F8B402406850B1DE
:1005B000FFE70798D0F8B4124A68007C0DF11601E5
:1005C0009047049009E007980699FFF7D5FE9DF83B
:1005D0000F0001308DF80F00FFE790E00798D0F88A
:1005E000B402806850B1FFE70798D0F8B4128A6867
:1005F000007C0DF116019047049009E007980699D8
:10060000FFF7BAFE9DF80F0001308DF80F00FFE7ED
:1006100075E00798D0F8B402C06850B1FFE70798BA
:10062000D0F8B412CA68007C0DF11601904704900E
:1006300009E007980699FFF79FFE9DF80F0001302B
:100640008DF80F00FFE75AE00798D0F8B402006970
:1006500050B1FFE70798D0F8B4120A69007C0DF199
:1006600016019047049009E007980699FFF784FE69
:100670009DF80F0001308DF80F00FFE73FE007986D
:10068000D0F8B402406950B1FFE70798D0F8B4122F
:100690004A69007C0DF116019047049009E0079823
:1006A0000699FFF769FE9DF80F0001308DF80F00E5
:1006B000FFE724E00798D0F8B402806950B1FFE763
:1006C0000798D0F8B4128A69007C0DF116019047A2
:1006D000049009E007980699FFF74EFE9DF80F0079
:1006E00001308DF80F00FFE709E007980699FFF742
:1006F00043FE9DF80F0001308DF80F00FFE73CE04E
:100700000798007C48B9FFE70798D0F8B802416B1A
:100710000DF116008847049009E007980699FFF745
:100720002BFE9DF80F0001308DF80F00FFE724E04D
:100730000798007C60B9FFE70798D0F8B802016B12
:100740000DF116008847049004990720487009E0CD
:1007500007980699FFF710FE9DF80F0001308DF8FD
:100760000F00FFE709E007980699FFF705FE9DF8DF
:100770000F0001308DF80F00FFE79DF80F0008B162
:10078000FFE72AE00698C08818B3FFE7BDF8160017
:10079000C8B1FFE7BDF816000699C988884204DA97
:1007A000FFE7BDF81600009003E00698C0880090AF
:1007B000FFE70098ADF8160007980499BDF81620D9
:1007C000FFF71AFE04E007980699FFF7D5FDFFE74B
:1007D00003E00798FFF72CFEFFE708B080BD00009C
:1007E00080B586B005908DF8131005980390059894
:1007F000029000200190029948880978884227DDFC
:10080000FFE702980078ADF80200FFE7BDF80200AC
:100810000299498888421ADAFFE703980DF102012C
:1008200000F036F803900398407805280ED1FFE7D2
:1008300003980190019880789DF81310884201D1A7
:10084000FFE704E000200190FFE7FFE7DEE7FFE7B6
:10085000019806B080BD000083B0029000208DF8A2
:10086000070002980090FFE70098007848B1FFE782
:100870009DF8070001308DF80700009801300090C6
:10088000F2E79DF8070003B0704700000000000089
:1008900083B002900191029800900098027801992B
:1008A000088810440880029800990978084400904C
:1008B000009803B07047000080B582B001900091AD
:1008C000019890F89C02013802281FD8FFE7009891
:1008D000C088022805D0FFE701980099FFF74CFD7A
:1008E00019E001990120C8600198D0F8A40230B144
:1008F000FFE70199C86840F00200C860FFE701986F
:1009000000F10C010222FFF777FD04E00198009945
:10091000FFF732FDFFE702B080BD000000000000DD
:1009200080B586B005900491039200208DF80B00ED
:10093000059808B9FFE74FE0059801900198FFF787
:100940008BFF0146022000EB4100B0F5007F04D987
:10095000FFE74FF40070009008E00198FFF77CFF7C
:100960000146022000EB41000090FFE70098039948
:1009700008800398007804999DF80B2088549DF80E
:100980000B0001308DF80B0004999DF80B2003201B
:1009900088549DF80B0001308DF80B00FFE701989B
:1009A0000078C8B1FFE70198007804999DF80B2002
:1009B00088540198013001909DF80B0001308DF8AA
:1009C0000B0004999DF80B20002088549DF80B0023
:1009D00001308DF80B00E2E706B080BD000000009A
:1009E00082B08DF8070000208DF806009DF8070002
:1009F00001460091032814D80099DFE801F00206AF
:100A00000A0E00208DF806000FE003208DF8060086
:100A10000BE001208DF8060007E003208DF80600AA
:100A200003E003208DF80600FFE79DF8060002B002
:100A3000704700000000000080B582B08DF807000C
:100A400000919DF8070060B9FFE7009A47F6EE00B5
:100A5000C0F6010040F6B451C2F20041FFF760FF5A
:100A60000BE0009A47F6EE00C0F6010040F6B451E4
:100A7000C2F20041FFF754FFFFE740F6B450C2F264
:100A8000004002B080BD000082B08DF807000091E8
:100A900000991220088040F2B400C2F2004002B077
:100AA000704700000000000080B582B08DF807009C
:100AB00000919DF8070060B9FFE7009A47F6E00053
:100AC000C0F6010040F6B451C2F20041FFF728FF22
:100AD0000BE0009A47F6E000C0F6010040F6B45182
:100AE000C2F20041FFF71CFFFFE740F6B450C2F22C
:100AF000004002B080BD000082B08DF80700009178
:100B000000990420088040F2DC00C2F2004002B0EC
:100B1000704700000000000080B584B08DF80F0021
:100B20000291029A47F6F900C0F6010040F6B4516E
:100B3000C2F200410191FFF7F3FE019804B080BDBD
:100B400080B582B08DF8070000919DF8070060B96C
:100B5000FFE7009A47F60C10C0F6010040F6B451CA
:100B6000C2F20041FFF7DCFE0BE0009A47F60C10E2
:100B7000C0F6010040F6B451C2F20041FFF7D0FECA
:100B8000FFE740F6B450C2F2004002B080BD000062
:100B900080B582B08DF80700009100991A20088076
:100BA000F0F786FD40F2E000C2F2004002B080BDE6
:100BB00080B584B0029001918DF80320029820B98D
:100BC000FFE703208DF80F0023E002990020C1F811
:100BD000B8020299C1F8C4020299C1F8D002019882
:100BE00028B1FFE701980299C1F8B402FFE7029922
:100BF000012081F89C029DF8030002990870029878
:100C000000F02AFA8DF802009DF802008DF80F001E
:100C1000FFE79DF80F0004B080BD00000000000059
:100C200080B582B001908DF8031000208DF802008D
:100C30008DF801000198D0F8C8029DF80310F5F76F
:100C40008FFD8DF802009DF80200FFF7C9FE8DF8B8
:100C500001009DF8010002B080BD0000000000000E
:100C600080B582B001908DF8031000208DF802004D
:100C70008DF801000198D0F8C8029DF80310F5F72F
:100C80001BFD8DF802009DF80200FFF7A9FE8DF80C
:100C900001009DF8010002B080BD000000000000CE
:100CA00080B588B006908DF8171004929DF8170053
:100CB000002874D1FFE70698143003900698D0F806
:100CC000940202285DD1FFE703998868C9688842C9
:100CD00012D9FFE703998868CA68801A8860069865
:100CE0000499039A9268FFF737FB06980023194688
:100CF0001A4600F0BDFA43E003988168C068884254
:100D00001ED1FFE703994868C968884218D3FFE7F6
:100D1000039840680699D1F89812884210D2FFE7EC
:100D20000698002201921146FFF716FB019B0698D8
:100D3000C0F89832069819461A4600F099FA1EE053
:100D4000069890F89C02032811D1FFE70698D0F886
:100D5000B802C06850B1FFE706990020C1F8D4027C
:100D60000698D0F8B812C9688847FFE7FFE70698E9
:100D7000802100F09DFB0698FFF72AFBFFE7FFE7C5
:100D8000FFE7069890F8A00240B1FFE7069800F050
:100D900077FC0699002081F8A002FFE740E0069862
:100DA0009DF8171041F08001FFF7B6FA8DF80A00A0
:100DB0009DF80A00FF2832D0FFE79DF80A0070BBBB
:100DC000FFE7069890F89C02032827D1FFE70698D2
:100DD0009DF80A1000EB8100D0F8B8024069E0B13C
:100DE000FFE79DF80A000699C1F8D40206989DF81D
:100DF0000A1000EB8101D1F8B8124A699DF817106A
:100E000090478DF80B009DF80B0028B1FFE79DF887
:100E10000B008DF81F0007E0FFE7FFE7FFE7FFE7A4
:100E200000208DF81F00FFE79DF81F0008B080BD6F
:100E300080B58AB008908DF81F10069200208DF8BA
:100E400013009DF81F00002840F08280FFE70898FB
:100E500000F5AA7005900898D0F89402032876D17E
:100E6000FFE705998868C96888421DD9FFE7059999
:100E70008868CA68801A886008980290069803906B
:100E800005998868C968884204D2FFE70598806898
:100E9000019003E00598C0680190FFE7039902986C
:100EA000019AFFF749FA51E0089890F8AA0200F079
:100EB0001F000146009140B1FFE70098012808D0CB
:100EC000FFE7009802280CD013E000208DF81200F4
:100ED00013E0089890F8AE12FFF726FA8DF812008A
:100EE0000BE0089890F8AE12FFF716FA8DF8120092
:100EF00003E000208DF81200FFE79DF8120008BB08
:100F0000FFE7089890F89C0203281AD1FFE7089899
:100F10009DF8121000EB8100D0F8B802006978B19A
:100F2000FFE79DF812000899C1F8D40208989DF8CF
:100F3000121000EB8101D1F8B81209698847FFE768
:100F4000FFE7FFE70898FFF773FAFFE7FFE740E0E6
:100F500008989DF81F1001F07F01FFF7DDF98DF86B
:100F600012009DF81200FF2832D0FFE79DF8120012
:100F700070BBFFE7089890F89C0203281ED1FFE79A
:100F800008989DF8121000EB8100D0F8B802806933
:100F900098B1FFE79DF812000899C1F8D4020898AB
:100FA0009DF8121000EB8101D1F8B8128A699DF802
:100FB0001F1090478DF81300FFE7FFE79DF813001F
:100FC00028B1FFE79DF813008DF8270005E0FFE743
:100FD000FFE700208DF82700FFE79DF827000AB003
:100FE00080BD00000000000081B00090002001B032
:100FF000704700000000000080B582B00190002022
:101000008DF803000199012081F89C020198D0F825
:10101000B80268B1FFE70198D0F8B8124A680179C0
:10102000904720B1FFE703208DF80300FFE7FFE7BB
:101030009DF8030002B080BD80B582B001908DF8AC
:1010400003100198D0F8C8029DF80310F5F7ECFBE7
:1010500002B080BD0000000080B584B0039003980A
:101060000078012838D1FFE7039942F6D470C2F224
:1010700000400290C0F8E0140399C1F8C8020021B2
:10108000C4F204010160092101710222C271002130
:10109000817142728172C17201738173C173017473
:1010A000F6F792F918B1FFE7F0F71AF9FFE742F601
:1010B000D470C2F2004001904FF40071F5F730FA9D
:1010C000019800218022F5F737FA019801214FF4A9
:1010D000BA72F5F731FAFFE7002004B080BD0000D6
:1010E00084B002908DF807100298D0F8C8020090E2
:1010F0009DF80700000600280DD5FFE700989DF831
:10110000071001F07F0101EBC10100EB8100807D40
:101110008DF80F000DE000989DF8071001F07F0199
:1011200001EBC10100EB810090F856028DF80F0031
:10113000FFE79DF80F0004B07047000000000000BA
:1011400080B584B002908DF807100298D0F8D412C0
:1011500000EB8100D0F8B80220B9FFE703208DF83A
:101160000F0020E0029890F89C02032817D1FFE7B7
:101170000298D0F8D41200EB8100D0F8B802006ACF
:1011800060B1FFE70298D0F8D41200EB8101D1F8EA
:10119000B8120A6A9DF807109047FFE7FFE70020A2
:1011A0008DF80F00FFE79DF80F0004B080BD000030
:1011B00080B584B002908DF807100298D0F8D41250
:1011C00000EB8100D0F8B80220B9FFE703208DF8CA
:1011D0000F0020E0029890F89C02032817D1FFE747
:1011E0000298D0F8D41200EB8100D0F8B802406A1F
:1011F00060B1FFE70298D0F8D41200EB8101D1F87A
:10120000B8124A6A9DF807109047FFE7FFE70020F1
:101210008DF80F00FFE79DF80F0004B080BD0000BF
:1012200080B584B003908DF80B108DF80A20ADF8CE
:10123000083000208DF807008DF806000398D0F8DC
:10124000C8029DF80B10BDF808209DF80A30F5F78C
:10125000FFFA8DF807009DF80700FFF7C1FB8DF836
:1012600006009DF8060004B080BD000000000000EC
:1012700080B586B005908DF813100392029300207C
:101280008DF807008DF806000598D0F8C8029DF883
:101290001310039A029BF5F753FB8DF807009DF896
:1012A0000700FFF79DFB8DF806009DF8060006B0CD
:1012B00080BD00000000000080B586B005900020D1
:1012C0008DF81300059A012182F89C120599C1F846
:1012D0009402059948600599C1F8A402059981F81E
:1012E000A0020598D0F8B802A0B1FFE70598D0F8A1
:1012F000B802406868B1FFE70598D0F8B8124A68AC
:101300000179904720B1FFE703208DF81300FFE734
:10131000FFE7FFE70598002201924023039311465F
:10132000FFF77EFF019A039B059901200290A1F827
:1013300064010598C0F8603105988021FFF770FFBF
:1013400002990398059A9184059908629DF8130003
:1013500006B080BD0000000081B00090009890F8B9
:101360009C02042807D1FFE7009890F89D0200999D
:1013700081F89C02FFE7002001B0704700000000E8
:1013800080B582B00190019890F89C02032813D197
:10139000FFE70198D0F8B80268B1FFE70198D0F8EC
:1013A000B802C06930B1FFE70198D0F8B812C96936
:1013B0008847FFE7FFE7FFE7002002B080BD00009D
:1013C00082B001908DF803109DF803000199087414
:1013D000002002B07047000080B582B001908DF807
:1013E000031000208DF802008DF801000198D0F85C
:1013F000C8029DF80310F6F787F98DF802009DF8F2
:101400000200FFF7EDFA8DF801009DF8010002B02F
:1014100080BD00000000000080B584B00390029100
:10142000039800F2AA20029900F0BAF8039901206B
:10143000C1F894020399B1F8B002C1F89802039878
:1014400090F8AA0200F01F000146009140B1FFE7AA
:10145000009801280CD0FFE70098022810D017E070
:10146000039800F2AA2100F067FA8DF8070019E04E
:10147000039800F2AA2100F09FFC8DF8070011E00C
:10148000039800F2AA2100F0BFFA8DF8070009E0E6
:10149000039890F8AA1201F0800100F009F88DF885
:1014A0000700FFE79DF8070004B080BD00000000C2
:1014B00080B582B001908DF8031000208DF80200F5
:1014C0008DF801000198D0F8C8029DF80310F5F7D7
:1014D0006FFA8DF802009DF80200FFF781FA8DF88F
:1014E00001009DF8010002B080BD00000000000076
:1014F00080B582B0019000208DF803008DF80200C5
:101500000198D0F8C802F6F73BF98DF803009DF872
:101510000300FFF765FA8DF802009DF8020002B0A3
:1015200080BD00000000000081B00090009890F89D
:101530009C02042807D0FFE7009890F89C020099CD
:1015400081F89D02FFE70099042081F89C020020A9
:1015500001B070470000000080B586B005908DF89E
:1015600013100392029300208DF807008DF80600F7
:101570000598D0F8C8029DF81310039A029BF5F75E
:1015800087FA8DF807009DF80700FFF729FA8DF814
:1015900006009DF8060006B080BD000000000000B7
:1015A00080B584B003900291029801900198007870
:1015B000039908700198013001900198007803990F
:1015C00048700198013001900198FBF7EDFF0399F5
:1015D00048800198013001900198013001900198F4
:1015E000FBF7E2FF03998880019801300190019890
:1015F000013001900198FBF7D7FF0399C88004B030
:1016000080BD00000000000080B584B00290019110
:101610000020ADF80200019820B9FFE703208DF803
:101620000F0026E001980299C1F8B8020298D0F89C
:10163000D41200EB8100D0F8B802C06A78B1FFE79D
:101640000298D0F8D41200EB8100D0F8B802C16A39
:101650000DF1020088470299C1F8D002FFE7029914
:10166000D1F8D8020130C1F8D80200208DF80F005F
:10167000FFE79DF80F0004B080BD000000000000EF
:1016800081B00090002001B0704700000000000011
:1016900080B584B00390029102988088B8BBFFE7C0
:1016A0000298C08898BBFFE7029840887F282ED810
:1016B000FFE70298807800F07F008DF8070003981C
:1016C00090F89C02032805D1FFE703980299FEF7E2
:1016D00053FE1BE09DF80700039981F89E020398D2
:1016E0009DF80710FFF778FE0398FEF7A1FE9DF81E
:1016F000070028B1FFE70399022081F89C0204E06B
:101700000399012081F89C02FFE7FFE704E00398BA
:101710000299FEF731FEFFE704B080BD0000000033
:1017200080B582B001908DF8031000208DF8020082
:101730000198D0F8B80250B1FFE70198D0F8B8127C
:101740000A689DF8031090478DF80200FFE79DF8A6
:10175000020002B080BD000080B586B00490039105
:1017600000208DF80B000398817840F6B050C2F24B
:10177000004001700078022808D3FFE7049803991D
:10178000FEF7FAFD03208DF81700A0E0049890F80A
:101790009C0201460191022804D0FFE7019803282A
:1017A0002FD07FE040F6B050C2F20040007818B36E
:1017B000FFE740F6B051C2F200410878049A506049
:1017C00004980978FFF7ACFF8DF80B009DF80B002B
:1017D00048B1FFE704980399FEF7CEFD0499022073
:1017E00081F89C0207E00498FEF722FE049903208A
:1017F00081F89C02FFE703E00498FEF719FEFFE77B
:1018000060E040F6B050C2F20040007898B9FFE7BF
:101810000499022081F89C0240F6B051C2F20041C6
:101820000878049A506004980978FEF739FD049806
:10183000FEF7FEFD35E040F6B050C2F20040007801
:1018400004994968884227D0FFE704980179FEF798
:1018500027FD40F6B051C2F200410878049A50606A
:1018600004980978FFF75CFF8DF80B009DF80B00DA
:1018700068B1FFE704980399FEF77EFD04980179AB
:10188000FEF70EFD0499022081F89C0203E0049803
:10189000FEF7CEFDFFE703E00498FEF7C9FDFFE782
:1018A000FFE70FE004980399FEF766FD049840F601
:1018B000B051C2F200410978FEF7F2FC03208DF826
:1018C0000B00FFE79DF80B008DF81700FFE79DF870
:1018D000170006B080BD000080B582B00190009175
:1018E00000984088012808D1FFE701990120C1F83C
:1018F000A4020198FEF79CFD13E00098408802289E
:1019000009D1FFE700984079019981F8A002019878
:10191000FEF78EFD04E001980099FEF72DFDFFE72C
:10192000FFE702B080BD000080B582B00190019851
:10193000FFF7DEFD02B080BD80B586B00590049152
:1019400000208DF80F000498007800F06000014638
:101950000291A8B1FFE70298202804D0FFE702987F
:10196000402846D1FFE70598D0F8D41200EB81015A
:10197000D1F8B8128A68049990478DF80F003DE0BD
:10198000049840780146019109282CD80199DFE894
:1019900001F01B252A202A0A052A160F059804990A
:1019A000FEF78EFD24E005980499FFF771FE1FE015
:1019B00005980499FFF7D0FE8DF80F0018E0059800
:1019C0000499FEF749FD13E005980499FEF774FFAA
:1019D0000EE005980499FFF77FFF09E00598049948
:1019E000FEF77AFC04E005980499FEF7C5FCFFE7D2
:1019F00004E005980499FEF7BFFCFFE79DF80F008F
:101A000006B080BD0000000080B58CB00B900A913C
:101A100000208DF821000A9880888DF823000A980C
:101A2000007800F0600001460791B8B3FFE707981F
:101A3000202805D0FFE70798402840F0B281FFE753
:101A40000B989DF82310FEF767FC8DF822009DF897
:101A50002200FF2821D0FFE79DF82200E8B9FFE728
:101A60009DF822000B99C1F8D4020B989DF8221022
:101A700000EB8100D0F8B802806868B1FFE70B98EE
:101A80009DF8221000EB8101D1F8B8128A680A99FA
:101A900090478DF82100FFE7FFE787E10A9840783B
:101AA00001460691002800F0BD80FFE70698012856
:101AB0004CD0FFE70698032840F06D81FFE70B98B4
:101AC00090F89C0201460591022804D0FFE7059892
:101AD000032819D034E09DF8230078B1FFE79DF882
:101AE000230080280AD0FFE70B989DF82310FFF70A
:101AF000DFFC0B988021FFF7DBFC04E00B980A99D0
:101B0000FEF73AFCFFE720E00A984088A0B9FFE71B
:101B10009DF8230078B1FFE79DF8230080280AD0C4
:101B2000FFE70A98C08830B9FFE70B989DF82310AB
:101B3000FFF7BEFCFFE7FFE70B98FEF779FC04E038
:101B40000B980A99FEF718FCFFE729E10B9890F82B
:101B50009C0201460491022804D0FFE70498032860
:101B600019D059E09DF8230078B1FFE79DF82300D4
:101B700080280AD0FFE70B989DF82310FFF798FC08
:101B80000B988021FFF794FC04E00B980A99FEF76C
:101B9000F3FBFFE745E00A984088E0BBFFE79DF8CC
:101BA0002300400630B1FFE70B989DF82310FFF7A4
:101BB00037F8FFE70B98FEF73BFC0B989DF82310D6
:101BC000FEF7AAFB8DF822009DF82200FF2821D005
:101BD000FFE79DF82200E8B9FFE79DF822000B9986
:101BE000C1F8D4020B989DF8221000EB8100D0F8C8
:101BF000B802806868B1FFE70B989DF8221000EBEF
:101C00008101D1F8B8128A680A9990478DF82100AD
:101C1000FFE7FFE7FFE704E00B980A99FEF7ACFB4C
:101C2000FFE7BDE00B9890F89C0201460391022863
:101C300004D0FFE70398032838D0A6E09DF82300DE
:101C400050B1FFE79DF82300802805D0FFE70B98EF
:101C50000A99FEF791FB9DE09DF8230000060028FD
:101C60000CD5FFE70B989DF8231001F07F0101EBE5
:101C7000810100EB8100143002900CE00B989DF87C
:101C8000231001F07F0101EB810100EB810000F5E1
:101C9000AA700290FFE70298099009990020086055
:101CA0000B9809990222FEF7A7FB73E09DF8230029
:101CB0000006002812D5FFE70B989DF8231001F0CD
:101CC0000F0101EB810100EB8100808C28B9FFE757
:101CD0000B980A99FEF750FB5CE012E00B989DF818
:101CE000231001F00F0101EB810100EB8100B0F83E
:101CF000640128B9FFE70B980A99FEF73DFB49E01C
:101D0000FFE79DF82300000600280CD5FFE70B989D
:101D10009DF8231001F07F0101EB810100EB8100B0
:101D2000143001900CE00B989DF8231001F07F0116
:101D300001EB810100EB810000F5AA700190FFE743
:101D4000019809909DF8230028B1FFE79DF8230032
:101D5000802804D1FFE70999002008600FE00B9864
:101D60009DF82310FFF7BCF920B1FFE70999012086
:101D7000086003E0099900200860FFE7FFE70B987F
:101D800009990222FEF738FB04E00B980A99FEF746
:101D9000F3FAFFE704E00B980A99FEF7EDFAFFE784
:101DA00004E00B980A99FEF7E7FAFFE79DF8210097
:101DB0000CB080BD0000000080B584B0039002919B
:101DC00000208DF807000298007800F060000146BE
:101DD000009140B1FFE70098202804D0FFE7009869
:101DE00040285AD1FFE7039890F89C020138022856
:101DF0004DD8FFE702980079012842D8FFE7039801
:101E000002990979FEF790FA8DF806009DF8060010
:101E1000FF2825D0FFE79DF8060008BBFFE70398E1
:101E20009DF8061000EB8100D0F8B802806890B1F0
:101E3000FFE79DF806000399C1F8D40203989DF8C6
:101E4000061000EB8101D1F8B8128A680299904718
:101E50008DF8070003E003208DF80700FFE703E09B
:101E600003208DF80700FFE70298C08840B9FFE71C
:101E70009DF8070020B9FFE70398FEF7D9FAFFE7BE
:101E800004E003980299FEF777FAFFE704E003986D
:101E90000299FEF771FAFFE704E003980299FEF752
:101EA0006BFAFFE79DF8070004B080BD000000005A
:101EB00081B0009001B0704781B0009040F6B470DE
:101EC000C2F2004001B0704784B0039002910398C1
:101ED000019002980078009002984078012830D153
:101EE000FFE70298007800F00F01012000FA01F2EC
:101EF0000199D1F81C081043C1F81C0801980099F9
:101F000000EB4110D0F800090004002818D4FFE7C6
:101F1000029988686FF3DF20097940EA8140009ACE
:101F200040EA8250019901EB4211D1F80029104397
:101F300048F20002C1F200021043C1F80009FFE7B5
:101F40002EE00298007800F00F01012000FA01F263
:101F50000199D1F81C0840EA0240C1F81C08019818
:101F6000009900EB4110D0F8000B0004002816D4B3
:101F7000FFE7029988686FF3DF20097940EA814022
:101F80000199009A01EB4211D1F8002B104348F25D
:101F90000002C1F200021043C1F8000BFFE7FFE7A7
:101FA000002004B07047000082B0019001980090BA
:101FB0000099D1F8000940F2FF729043C1F800097E
:101FC0000099D1F8040840F48070C1F8040800209A
:101FD00002B070470000000080B58AB0DDF830C064
:101FE000CDF814C00493039202919DF814108DF85B
:101FF00024100299039A049B08930792069101907A
:102000009DF81D00012823D1FFE70199886B20F47A
:10201000803088630199C8684FF6BF72CFF6BD72F1
:102020001040C8600199C86820F44010C8609DF84D
:102030002400012806D1FFE70199C86840F4801008
:10204000C860FFE7019800F03FF88DF803001AE040
:102050000199C86840F04000C860019800F034F869
:102060008DF803009DF8210030B9FFE70199886BD6
:1020700040F48030886305E00199886B20F480305B
:102080008863FFE7FFE79DF81A00012816D1FFE7F4
:102090000199C86D80B2C8650199C86D0022C0F26F
:1020A000EE321043C8650199886840F006008860E8
:1020B0000199886840F020008860FFE79DF80300E0
:1020C0000AB080BD0000000083B0019000200090A5
:1020D000FFE70098013000900098B0F1706F04D9CC
:1020E000FFE703208DF80B0026E0FFE70198006969
:1020F000C00F0028EDD0FFE700200090019908698B
:1021000040F001000861FFE700980130009000985E
:10211000B0F1706F04D9FFE703208DF80B000BE0DE
:10212000FFE70198006900F001000128ECD0FFE70B
:1021300000208DF80B00FFE79DF80B0003B07047FF
:1021400084B0039002910398019002980078009067
:1021500002984078012845D1FFE70198009900EBEB
:102160004110D0F80009C00FA8B1FFE7019800990D
:1021700000EB4111D1F8000940F00060C1F80009FE
:102180000198009900EB4111D1F8000940F080401E
:10219000C1F80009FFE70298007800F00F01012064
:1021A00000FA01F3019AD2F83C189943C2F83C189E
:1021B0000299097801F00F0100FA01F20199D1F8B2
:1021C0001C089043C1F81C080198009900EB4111CC
:1021D000D1F8000947F60002CEF633421040C1F8AC
:1021E000000946E00198009900EB4110D0F8000B7F
:1021F000C00FA8B1FFE70198009900EB4111D1F899
:10220000000B40F00060C1F8000B0198009900EB52
:102210004111D1F8000B40F08040C1F8000BFFE7FE
:102220000298007800F00F01012000FA01F3019AF2
:10223000D2F83C1821EA0341C2F83C180299097807
:1022400001F00F0100FA01F20199D1F81C0820EA0F
:102250000240C1F81C080198009900EB4111D1F827
:10226000000B47F60002CEF6F3721040C1F8000BE7
:10227000FFE7002004B0704782B001900198009001
:102280000099D1F8000E20F00300C1F8000E00996B
:10229000D1F8040820F00200C1F80408002002B0C0
:1022A000704700000000000082B00190019800908B
:1022B0000099D1F8000E20F00300C1F8000E00993B
:1022C000D1F8040840F00200C1F80408002002B070
:1022D000704700000000000080B58CB0DDF838C009
:1022E000CDF81CC00693059204919DF81C108DF842
:1022F0002C100499059A069B0A9309920891039061
:1023000000208DF80B00039901910090FFE70098E1
:102310000E280CD8FFE70398009900EB81010020FC
:10232000C1F80401FFE7009801300090EFE79DF845
:102330002A00B8B9FFE70199D1F8040840F002007B
:10234000C1F804080399886B20F40010886303998E
:10235000086840F0400008600399086840F0800079
:10236000086005E00399886B40F400108863FFE77C
:1023700001990020C1F8000E9DF8250001280FD119
:10238000FFE79DF8230028B9FFE70398002100F03C
:1023900097FE04E00398012100F092FEFFE704E0BD
:1023A0000398032100F08CFEFFE70398102100F052
:1023B000A7FC20B1FFE701208DF80B00FFE7039891
:1023C00000F062FC20B1FFE701208DF80B00FFE771
:1023D00001990020C1F810080199C1F81408019969
:1023E000C1F81C080090FFE700989DF82010884273
:1023F0003BD2FFE70198009900EB4110D0F80009AB
:10240000C00FB0B1FFE7009848B9FFE70198009905
:1024100000EB41114FF00060C1F8000908E001989D
:10242000009900EB41114FF09040C1F80009FFE71F
:1024300007E00198009900EB41110020C1F8000964
:10244000FFE70198009900EB41110020C1F8100945
:102450000198009900EB41114FF67F30C1F808094F
:10246000FFE7009801300090BEE700200090FFE7F2
:1024700000989DF8201088423BD2FFE70198009910
:1024800000EB4110D0F8000BC00FB0B1FFE700988F
:1024900048B9FFE70198009900EB41114FF0006047
:1024A000C1F8000B08E00198009900EB41114FF0D2
:1024B0009040C1F8000BFFE707E00198009900EB9E
:1024C00041110020C1F8000BFFE70198009900EBD3
:1024D00041110020C1F8100B0198009900EB411147
:1024E0004FF67F30C1F8080BFFE7009801300090ED
:1024F000BEE70199D1F8100820F48070C1F81008E7
:1025000003990020886103996FF0804048619DF82D
:10251000220030B9FFE70399886940F01000886114
:10252000FFE70399886943F60002C8F23C021043B2
:1025300088619DF8260030B1FFE70399886940F073
:1025400008008861FFE79DF82A00012808D1FFE70D
:10255000039988690422C4F2000210438861FFE7EE
:102560009DF80B000CB080BD81B000900099886888
:1025700020F001008860002001B0704700000000DA
:1025800086B004908DF80F10029204980190049880
:10259000006C0090009843F20B01C4F6547188421D
:1025A0000BD3FFE70198D0F8000BC00F20B1FFE775
:1025B00000208DF817002EE0FFE701990020C1F8F8
:1025C000100B0199D1F8100B40F40020C1F8100B4A
:1025D0000199D1F8100B40F01800C1F8100B0199C7
:1025E000D1F8100B40F0C040C1F8100B9DF80F005F
:1025F00001280CD1FFE702980199C1F8140B019949
:10260000D1F8000B40F08020C1F8000BFFE700205C
:102610008DF81700FFE79DF8170006B0704700001F
:1026200084B0039002910398019002980078009082
:1026300002984078012820D1FFE70198009900EB2B
:102640004111D1F8000920F40010C1F800090298E6
:102650000079032805D0FFE70298007902280BD102
:10266000FFE70198009900EB4111D1F8000940F013
:102670008050C1F80009FFE71FE00198009900EBC6
:102680004111D1F8000B20F40010C1F8000B0298A2
:102690000079032805D0FFE70298007902280BD1C2
:1026A000FFE70198009900EB4111D1F8000B40F0D1
:1026B0008050C1F8000BFFE7FFE7002004B070472F
:1026C00084B00390029103980190029800780090E2
:1026D00002984078012822D1FFE70198009900EB89
:1026E0004110D0F80009C00F70B9FFE7009858B149
:1026F000FFE70198009900EB4111D1F8000920F0A3
:102700008040C1F80009FFE70198009900EB4111F2
:10271000D1F8000940F40010C1F8000921E0019847
:10272000009900EB4110D0F8000BC00F70B9FFE723
:10273000009858B1FFE70198009900EB4111D1F8DA
:10274000000B20F08040C1F8000BFFE701980099D2
:1027500000EB4111D1F8000B40F40010C1F8000B60
:10276000FFE7002004B0704780B588B0079006915D
:102770008DF8172007980490069800780390069823
:102780004078012840F01C81FFE706980069F8B9FD
:10279000FFE70498039900EB4111D1F810096FF39A
:1027A000DC40C1F810090498039900EB4111D1F8FD
:1027B000100940F40020C1F810090498039900EBB7
:1027C0004111D1F810096FF31200C1F8100969E046
:1027D0000498039900EB4111D1F810096FF312002E
:1027E000C1F810090498039900EB4111D1F81009C0
:1027F0006FF3DC40C1F810090398A8B9FFE7069809
:1028000081680069884204D9FFE7069988680861F1
:10281000FFE70498039900EB4111D1F8100940F447
:102820000020C1F8100915E0069881680069084485
:102830000138B0FBF1F10020C1F6F87000EAC142A6
:102840000498039900EB4111D1F810091043C1F825
:102850001009FFE7069802696FF3DF4204980399B5
:1028600000EB4111D1F810091043C1F81009069886
:102870000079012815D1FFE70498039900EB411175
:10288000D1F8100920F0C040C1F81009049803994C
:1028900000EB4111D1F8100940F00050C1F81009C7
:1028A000FFE7FFE79DF8170001283BD1FFE70698F7
:1028B000C06948B1FFE70698C0690499039A01EB23
:1028C0004211C1F81409FFE70698007901281ED1CA
:1028D000FFE70498D0F80808C00500280BD4FFE7EC
:1028E0000498039900EB4111D1F8000940F0005021
:1028F000C1F800090AE00498039900EB4111D1F8EE
:10290000000940F08050C1F80009FFE7FFE7049894
:10291000039900EB4111D1F8000940F00440C1F8DF
:1029200000094CE00498039900EB4111D1F800092B
:1029300040F00440C1F8000906980079012813D03E
:10294000FFE70698006970B1FFE70698007800F08D
:102950000F01012000FA01F20499D1F83408104364
:10296000C1F83408FFE729E00498D0F80808C0054A
:1029700000280BD4FFE70498039900EB4111D1F82C
:10298000000940F00050C1F800090AE004980399DA
:1029900000EB4111D1F8000940F08050C1F8000966
:1029A000FFE70798069BD9681A781B8A9DF817C01D
:1029B000EE46CEF800C000F077FCFFE7FFE7C4E08A
:1029C0000498039900EB4111D1F8100B6FF312003A
:1029D000C1F8100B0498039900EB4111D1F8100BCA
:1029E0006FF3DC40C1F8100B039818BBFFE70698A3
:1029F000006920B1FFE7069988680861FFE706993A
:102A0000886808620698026A6FF3DF4204980399A7
:102A100000EB4111D1F8100B1043C1F8100B0498D2
:102A2000039900EB4111D1F8100B40F40020C1F8DC
:102A3000100B49E006980069C0B9FFE70698826864
:102A40006FF3DF420498039900EB4111D1F8100BAA
:102A50001043C1F8100B0498039900EB4111D1F811
:102A6000100B40F40020C1F8100B2CE00698816890
:102A7000006908440138B0FBF1F0ADF80A0006998E
:102A80008868BDF80A2050430862BDF80A1000208B
:102A9000C1F6F87000EAC1420498039900EB4111B5
:102AA000D1F8100B1043C1F8100B0698026A6FF3AF
:102AB000DF420498039900EB4111D1F8100B104349
:102AC000C1F8100BFFE7FFE79DF8170001280ED1B2
:102AD000FFE70698C06848B1FFE70698C068049908
:102AE000039A01EB4211C1F8140BFFE7FFE70698C8
:102AF000007901281ED1FFE70498D0F80808C00526
:102B000000280BD4FFE70498039900EB4111D1F89A
:102B1000000B40F00050C1F8000B0AE00498039944
:102B200000EB4111D1F8000B40F08050C1F8000BD0
:102B3000FFE7FFE70498039900EB4111D1F8000B80
:102B400040F00440C1F8000BFFE7002008B080BD52
:102B500085B004900391002002908DF8070004983E
:102B600000900398407801283ED1FFE70098039930
:102B7000097800EB4110D0F80009C00F98B3FFE7C7
:102B800000980399097800EB4111D1F8000940F051
:102B90000060C1F8000900980399097800EB411121
:102BA000D1F8000940F08040C1F80009FFE7029821
:102BB00001300290029842F21171884204D3FFE77B
:102BC00001208DF807000DE0FFE7009803990978D0
:102BD00000EB4110D0F8000900F00040B0F1004FC8
:102BE000E5D0FFE7FFE73DE000980399097800EBA7
:102BF0004110D0F8000BC00F98B3FFE7009803997D
:102C0000097800EB4111D1F8000B40F00060C1F8E9
:102C1000000B00980399097800EB4111D1F8000BE3
:102C200040F08040C1F8000BFFE7029801300290AD
:102C3000029842F21171884204D3FFE701208DF817
:102C400007000DE0FFE700980399097800EB4110B9
:102C5000D0F8000B00F00040B0F1004FE5D0FFE7E6
:102C6000FFE7FFE79DF8070005B070470000000090
:102C700081B000900099886840F0010088600020D1
:102C800001B070470000000083B001900020009068
:102C9000FFE70098013000900098B0F1706F04D900
:102CA000FFE703208DF80B0024E0FFE7019800699F
:102CB000C00F0028EDD0FFE7002000900199102000
:102CC0000861FFE70098013000900098B0F1706F44
:102CD00004D9FFE703208DF80B000BE0FFE7019814
:102CE000006900F010001028ECD0FFE700208DF8FC
:102CF0000B00FFE79DF80B0003B0704700000000D9
:102D000084B00290019100200090FFE7009801300C
:102D100000900098B0F1706F04D9FFE703208DF8A0
:102D20000F0026E0FFE702980069C00F0028EDD0F1
:102D3000FFE700200090019880012030029908618F
:102D4000FFE70098013000900098B0F1706F04D94F
:102D5000FFE703208DF80F000BE0FFE70298006902
:102D600000F020002028ECD0FFE700208DF80F00B5
:102D7000FFE79DF80F0004B070470000000000005E
:102D800084B00390039802900298D0F8080800F0ED
:102D900006000090009820B9FFE700208DF807009A
:102DA00010E00098022804D0FFE70098062804D11C
:102DB000FFE702208DF8070003E00F208DF80700E1
:102DC000FFE7FFE79DF8070004B070470000000030
:102DD00081B000900098406900F0010001B0704798
:102DE00082B00190ADF80210019841F2D411C2F204
:102DF00000414866BDF80200A1F8600002B07047CB
:102E000083B00290029801900198D0F818080090C1
:102E10000198D0F81C18009808400090BDF80000F8
:102E200003B070470000000083B002900298019048
:102E30000198D0F8180800900198D0F81C18009854
:102E400008400090BDF8020003B070470000000089
:102E500086B005908DF81310059803900398D0F86C
:102E6000100801900398D0F83408009000989DF85D
:102E7000131001F00F01C84000F00101019840EA71
:102E8000C110019003989DF8131000EB4110D0F889
:102E90000809019908400290029806B070470000A6
:102EA00084B003908DF80B100398019001989DF861
:102EB0000B1000EB4110D0F8080B00900198D0F8EF
:102EC0001418009808400090009804B07047000063
:102ED00082B0019001984069009001988169009842
:102EE00008400090009802B0704700000000000009
:102EF00089B008900791ADF81A20089805900798B6
:102F00000490BDF81A0080080190BDF81A0000F086
:102F10000300ADF8020000200290FFE7029801993B
:102F2000884217D2FFE705984FF480514058049922
:102F300008600498013004900498013004900498CB
:102F400001300490049801300490FFE702980130AA
:102F50000290E3E7BDF8020008B3FFE7002002900B
:102F600005984FF4805140580390FFE703989DF86F
:102F70000810C900C84004990870029801300290F6
:102F8000049801300490BDF802000138ADF8020049
:102F9000FFE7BDF802000028E8D1FFE7FFE704984B
:102FA00009B070470000000080B586B004908DF82D
:102FB0000F10002002900499C86820F0C040C8603B
:102FC0009DF80F00012823D1FFE70499C86840F05D
:102FD0000050C860FFE70A20F1F7CAFC02980A30E7
:102FE0000290FFE70498FFF7F3FE01460020012955
:102FF000019007D0FFE702990020C82938BF0120BF
:103000000190FFE70198C0070028E4D1FFE72AE01C
:103010009DF80F0010BBFFE70499C86840F080409E
:10302000C860FFE70A20F1F7A3FC02980A3002907B
:10303000FFE70498FFF7CCFE01460020009039B16D
:10304000FFE702990020C82938BF01200090FFE760
:103050000098C0070028E5D1FFE703E001208DF8C4
:1030600017000CE0FFE70298C82804D1FFE7012011
:103070008DF8170003E000208DF81700FFE79DF89A
:10308000170006B080BD000083B002908DF80710D5
:10309000029800900099D1F8000820F4FE60C1F871
:1030A00000089DF8070000F07F020099D1F80008A1
:1030B00040EA0210C1F80008002003B07047000089
:1030C00083B002908DF80710029800909DF80720B9
:1030D0000099D1F800081043C1F80008002003B09F
:1030E000704700000000000084B0039002918DF84A
:1030F00007209DF80700022840F0B880FFE70298FB
:103100004AF6C041C0F2D80188420BD3FFE70298CB
:103110004EF2BF11C0F2E401884203D8FFE70F204E
:103120000090A2E002984EF2C011C0F2E401884281
:103130000BD3FFE7029842F2FF31C0F2F40188425C
:1031400003D8FFE70E2000908EE0029842F2004183
:10315000C0F2F40188420BD3FFE7029847F27F31B7
:10316000C0F20611884203D8FFE70D2000907AE0F4
:10317000029847F28031C0F2061188420BD3FFE774
:10318000029844F69F11C0F21A11884203D8FFE753
:103190000C20009066E0029844F6A011C0F21A11CB
:1031A00088420BD3FFE7029842F6FF41C0F231118B
:1031B000884203D8FFE70B20009052E0029842F6C5
:1031C0000051C0F2311188420BD3FFE702984AF256
:1031D0003F41C0F24C11884203D8FFE70A2000901B
:1031E0003EE002984AF24041C0F24C1188420BD3B3
:1031F000FFE7029843F2FF51C0F26E11884203D8F4
:10320000FFE7092000902AE0029843F20061C0F233
:103210006E1188420BD3FFE702984AF61F31C0F2C5
:10322000A611884203D8FFE70820009016E0029814
:103230004AF62031C0F2A61188420BD3FFE702986C
:1032400044F2FF71C0F2E811884203D8FFE707207B
:10325000009002E006200090FFE7FFE7FFE7FFE7AE
:10326000FFE7FFE7FFE7FFE7FFE70AE09DF807005A
:1032700018B9FFE70920009002E009200090FFE75D
:10328000FFE70399C86820F47050C860009800F008
:103290000F020399C86840EA8220C860002004B089
:1032A000704700000000000080B588B084460A988E
:1032B000CDF81CC006918DF81720ADF814308DF8AC
:1032C000130007980390069802909DF8130048BBDE
:1032D000FFE7BDF814000330800801900020009043
:1032E000FFE70098019988421BD2FFE70298006827
:1032F00003999DF8172001EB02314FF4805288505A
:103300000298013002900298013002900298013038
:103310000290029801300290FFE70098013000907F
:10332000DFE7FFE7002008B080BD000000000000DC
:10333000FFE7FEE70000000080B503F099FD80BDC7
:1033400080B586B0F6F720F80590059808B9FFE734
:103350004CE041F20400CEF20000006804900498B2
:1033600042F23C22C2F200421168401A0390DDF89A
:103370000CC042F24021C2F2004100910B68486843
:1033800013EB0C0340F100000B60486004981060E0
:1033900008684968059A00230193EDF71FF8009922
:1033A000019B40F28422C2F200420292106008683F
:1033B0004968059A44F6D35CC1F2620CA2FB0CC2C8
:1033C0009209EDF70BF80099019B029A506008688A
:1033D0004968059A4DF6836CC4F21B3CA2FB0CC2F3
:1033E000920CECF7FBFF02998860FFE706B080BD06
:1033F00080B586B005900491059800684AF20001F6
:10340000C4F20001884216D1FFE7059840F2881106
:10341000C2F20041086004984863059800230393B2
:1034200019461A4600F090FD039B05980E211A4696
:1034300000F08AFD3FE0059800684AF20041C4F2BE
:103440000001884216D1FFE7059840F2E811C2F268
:1034500000410860049848630598002302931946C8
:103460001A4600F071FD029B05980E211A4600F0E5
:103470006BFD1FE0059800684DF20041C4F20001A9
:10348000884216D1FFE7059840F24821C2F2004178
:1034900008600498486305980023019319461A466A
:1034A00000F052FD019B05980E211A4600F04CFDDC
:1034B000FFE7FFE7FFE70598F2F7B6FC06B080BD2F
:1034C00080B582B08DF807009DF8072040F6000017
:1034D000C5F602004FF40041F2F70AFF02B080BDCA
:1034E00080B582B08DF807009DF8072040F60000F7
:1034F000C5F602004FF40051F2F7FAFE02B080BDAB
:1035000080B582B08DF807009DF8072040F60000D6
:10351000C5F602004FF48041F2F7EAFE02B080BD2A
:1035200083B002908DED010ACDED000A029890ED76
:10353000000A9DED011AB4EE410AF1EE10FA04DA28
:10354000FFE70198029908600FE0029890ED000AE9
:103550009DED001AB4EE410AF1EE10FA04DDFFE72A
:10356000009802990860FFE7FFE7029890ED000AD3
:1035700003B070470000000080B58EB084461098FC
:10358000CDF834C00C910B928DF82B308DF82A00B9
:103590000C9801909DF82B0018B9FFE700200290CD
:1035A00009E09DF82B00012804D1FFE74FF080408F
:1035B0000290FFE7FFE7002003909DF82A00013802
:1035C0000146009107281ED80099DFE801F00407A2
:1035D0000A0D101316190120049014E00220049023
:1035E00011E0032004900EE0042004900BE005207D
:1035F000049008E00620049005E00720049002E013
:1036000008200490FFE7002005900690079008909E
:1036100009900D980B9A01A9F1F74EFA0EB080BDF2
:1036200080B582B001900091019942F25020C2F21F
:10363000004000F5C86001F03FFE02B080BD000010
:1036400086B08DED050ACDED040A8DED031ACDEDA2
:10365000021A8DED012ACDED002A9DED050A9DEDA2
:10366000012A20EE021A9DED003A9DED040A20EE9B
:10367000030A20EE030AA1EE030A9DED031A21EED0
:10368000021AA1EE020A9DED021A30EE010A06B0FE
:10369000704700000000000086B005908DF8131000
:1036A0008DF81220059842F6F451C2F2004188428A
:1036B00040F0D980FFE79DF81300013801460291E0
:1036C0000A2800F2CF800299DFE801F0060C131AF5
:1036D0002138516A839AB30040F27010C2F2004060
:1036E0000390BFE040F27010C2F20040023003903D
:1036F000B8E040F27010C2F2004004300390B1E034
:1037000040F27010C2F2004006300390AAE09DF82B
:10371000120030B9FFE740F26810C2F20040039097
:103720000BE09DF81200012806D1FFE740F260107F
:10373000C2F200400390FFE7FFE793E09DF812001C
:1037400038B9FFE740F26810C2F20040023003903F
:103750000CE09DF81200012807D1FFE740F260104D
:10376000C2F2004002300390FFE7FFE77AE09DF8E5
:10377000120038B9FFE740F26810C2F2004004308E
:1037800003900CE09DF81200012807D1FFE740F2FA
:103790006010C2F2004004300390FFE7FFE761E0F1
:1037A0009DF8120038B9FFE740F26810C2F20040FD
:1037B000063003900CE09DF81200012807D1FFE7C6
:1037C00040F26010C2F2004006300390FFE7FFE7CE
:1037D00048E09DF8120030B9FFE740F28010C2F2D5
:1037E000004003900BE09DF81200012806D1FFE78E
:1037F00040F27810C2F200400390FFE7FFE731E0AB
:103800009DF8120038B9FFE740F28010C2F2004084
:10381000023003900CE09DF81200012807D1FFE769
:1038200040F27810C2F2004002300390FFE7FFE759
:1038300018E09DF8120038B9FFE740F28010C2F29C
:103840000040043003900CE09DF81200012807D1DD
:10385000FFE740F27810C2F2004004300390FFE727
:10386000FFE7FFE7C3E1059842F69461C2F2004129
:10387000884240F0D980FFE79DF8130001380146E7
:1038800001910A2800F2CF800199DFE801F0060CCF
:10389000131A2138516A839AB30040F2D010C2F251
:1038A00000400390BFE040F2D010C2F2004002306E
:1038B0000390B8E040F2D010C2F200400430039010
:1038C000B1E040F2D010C2F2004006300390AAE00E
:1038D0009DF8120030B9FFE740F2C810C2F2004074
:1038E00003900BE09DF81200012806D1FFE740F29B
:1038F000C010C2F200400390FFE7FFE793E09DF89D
:10390000120038B9FFE740F2C810C2F2004002309E
:1039100003900CE09DF81200012807D1FFE740F268
:10392000C010C2F2004002300390FFE7FFE77AE0E8
:103930009DF8120038B9FFE740F2C810C2F200400B
:10394000043003900CE09DF81200012807D1FFE736
:1039500040F2C010C2F2004004300390FFE7FFE7DE
:1039600061E09DF8120038B9FFE740F2C810C2F2DA
:103970000040063003900CE09DF81200012807D1AA
:10398000FFE740F2C010C2F2004006300390FFE7AC
:10399000FFE748E09DF8120030B9FFE740F2E01081
:1039A000C2F2004003900BE09DF81200012806D1FE
:1039B000FFE740F2D810C2F200400390FFE7FFE7B4
:1039C00031E09DF8120038B9FFE740F2E010C2F292
:1039D0000040023003900CE09DF81200012807D14E
:1039E000FFE740F2D810C2F2004002300390FFE738
:1039F000FFE718E09DF8120038B9FFE740F2E01049
:103A0000C2F20040043003900CE09DF8120001283F
:103A100007D1FFE740F2D810C2F200400430039013
:103A2000FFE7FFE7FFE7E1E0059842F63471C2F2F5
:103A30000041884240F0D980FFE79DF8130001382B
:103A4000014600910A2800F2CF800099DFE801F0DA
:103A5000060C131A2138516A839AB30040F23020C1
:103A6000C2F200400390BFE040F23020C2F20040BA
:103A700002300390B8E040F23020C2F2004004303F
:103A80000390B1E040F23020C2F2004006300390D3
:103A9000AAE09DF8120030B9FFE740F22820C2F2F8
:103AA000004003900BE09DF81200012806D1FFE7CB
:103AB00040F22020C2F200400390FFE7FFE793E0CE
:103AC0009DF8120038B9FFE740F22820C2F200400A
:103AD000023003900CE09DF81200012807D1FFE7A7
:103AE00040F22020C2F2004002300390FFE7FFE7DF
:103AF0007AE09DF8120038B9FFE740F22820C2F2C0
:103B00000040043003900CE09DF81200012807D11A
:103B1000FFE740F22020C2F2004004300390FFE7AC
:103B2000FFE761E09DF8120038B9FFE740F2282076
:103B3000C2F20040063003900CE09DF8120001280C
:103B400007D1FFE740F22020C2F200400630039088
:103B5000FFE7FFE748E09DF8120030B9FFE740F2C9
:103B60004020C2F2004003900BE09DF812000128B3
:103B700006D1FFE740F23820C2F200400390FFE791
:103B8000FFE731E09DF8120038B9FFE740F240202E
:103B9000C2F20040023003900CE09DF812000128B0
:103BA00007D1FFE740F23820C2F200400230039014
:103BB000FFE7FFE718E09DF8120038B9FFE740F291
:103BC0004020C2F20040043003900CE09DF8120047
:103BD000012807D1FFE740F23820C2F2004004304C
:103BE0000390FFE7FFE7FFE7FFE7FFE7FFE7039843
:103BF00006B070470000000087B00690059104925F
:103C00008DED030ACDED020A06980599401A00EEE3
:103C1000100AB8EEC00A0498401A01EE100AB8EE75
:103C2000C11A80EE010A8DED010A9DED011A9DED8C
:103C3000022A9DED030A32EE402AA1EE020A8DED22
:103C4000000A9DED000A07B0704700000000000068
:103C500081B08DED000A9DED000A9FED071A20EE60
:103C6000010A43F2B840C2F200400068BCEEC00A4C
:103C700080ED0E0A01B0704700007A440000000099
:103C800080B584B00390ADF80A100399BDF80A20FE
:103C900042F25020C2F20040019000F059FF01981A
:103CA00001F0D6FC04B080BD87B006908DF81710E7
:103CB000069804909DF817000B2148430390039940
:103CC000012000EBD1000290039800F00700019062
:103CD0000498029A8118805A897840EA014000903D
:103CE00000980199C8406FF3DF2007B070470000CB
:103CF00082B08DF807009DF807100120009051B1A7
:103D0000FFE79DF8070000F00F000438B0FA80F0DC
:103D100040090090FFE7009800F0010002B07047F2
:103D200080B582B0FFF70CFB42F6BC01C2F2004145
:103D300008680130086043F2A570C2F200400178C3
:103D4000013101700078642813DBFFE742F2502054
:103D5000C2F20040019001F0D7FC019800F5C86064
:103D600001F0E2FA43F2A571C2F2004100200870AE
:103D7000FFE743F2A670C2F2004001780131017002
:103D8000007865280DDBFFE742F25020C2F20040C8
:103D900001F0CAFC43F2A671C2F200410020087093
:103DA000FFE742F25020C2F20040009001F0C8FC50
:103DB000009801F09DFC00F03BF902B080BD0000CE
:103DC00081B08DED000A9DED000A9FED071A20EEEF
:103DD000010A43F20450C2F200400068BCEEC00A7F
:103DE00080ED100A01B0704700FF7F47000000001F
:103DF00080B582B0019001980068009040F20121E6
:103E000088420CD0FFE7009840F20221884212D08D
:103E1000FFE7009840F20321884218D023E0019880
:103E200000F1280142F25020C2F2004000F51B7060
:103E300002F032FB18E0019800F1280142F2502014
:103E4000C2F2004000F5647002F026FB0CE001981D
:103E500000F1280142F25020C2F2004000F2B440CA
:103E600002F01AFB00E0FFE702B080BD0000000096
:103E700080B582B0019001980068B0F5447F09D107
:103E8000FFE7019942F25020C2F20040E83000F012
:103E9000E3FA00E0FFE702B080BD00000000000090
:103EA00086B00590049105980390039801784078B6
:103EB00040EA0120ADF80A00049868B1FFE70598D0
:103EC000019004980090019840780099087001983A
:103ED000007800994870FFE7BDF80A0006B0704707
:103EE00080B584B042F25020C2F2004000F004FCE1
:103EF00038B9FFE742F25020C2F2004001F0A8FBBF
:103F0000FFE742F25020C2F20040019000F59470A9
:103F1000029001F0D5FD0198E830039000F084FA9A
:103F2000029801F0D9FD039800F08AFA029801F096
:103F3000A7FC039800F06CFA039800F0F5FA04B0BF
:103F400080BD00000000000080B58EB00D908DF89F
:103F500033100B920A939DF833008007002803D496
:103F6000FFE7002002900AE09DF833008007002858
:103F700004D5FFE74FF080400290FFE7FFE79DF890
:103F80003300C0080390022004909DF833004007DE
:103F9000002803D4FFE70120059009E09DF83300D5
:103FA0004007002803D5FFE702200590FFE7FFE761
:103FB0000B9806900A9807900D9802A9F0F7ECFD6F
:103FC0009DF83300C00748B9FFE70D986946002304
:103FD0000B6002221146F0F76BFE0EE09DF83300F5
:103FE000C00748B1FFE70D98694601230B60022224
:103FF0001146F0F75DFEFFE7FFE79DF8330040074D
:10400000002806D4FFE70D9801210022F0F7D4FC28
:104010000CE09DF833004007002806D5FFE70D9817
:1040200010210022F0F7C8FCFFE7FFE70EB080BDCB
:1040300080B582B069460820086042F6F450C2F2AA
:10404000004040F27012C2F200424FF400710023AF
:10405000FFF792FA02B080BD80B584B003908DED79
:10406000020ACDED010A039800F00100FFF738FACB
:104070000398C0F34000FFF743FA0398C0F38000B1
:10408000FFF71EFA43F20450C2F200400C21F6F78B
:10409000EFFD43F2B840C2F200400421F6F7E8FD1C
:1040A0009DED020AFFF78CFE9DED010AFFF7D0FDA2
:1040B00004B080BD000000004EF6FC51CEF20001BD
:1040C000086840F08070086041F20401CEF20001FF
:1040D0000020086041F20003CEF200031A6842F0AB
:1040E00001021A60096842F23C22C2F200421160E9
:1040F00042F24021C2F2004148600860704700006F
:1041000082B08DED010A9DED010AB5EE400AF1EE97
:1041100010FA05DDFFE79DED010A8DED000A06E0CE
:104120009DED010AB1EE400A8DED000AFFE79DED1D
:10413000000A02B07047000082B00190009101981F
:1041400000680021C4F20101884209D1FFE701980B
:1041500040F2C021C2F2004108600098486019E1B5
:1041600001980068B0F1804F09D1FFE7019840F253
:10417000D821C2F2004108600098486009E1019826
:10418000006840F20041C4F20001884209D1FFE713
:10419000019840F2E021C2F20041086000984860B6
:1041A000F6E00198006840F60001C4F20001884280
:1041B00009D1FFE7019840F2E821C2F2004108600E
:1041C00000984860E3E00198006840F60041C4F2BE
:1041D0000001884209D1FFE7019840F2F021C2F2C4
:1041E0000041086000984860D0E00198006841F202
:1041F0000001C4F20001884209D1FFE7019840F2B2
:10420000F821C2F20041086000984860BDE00198C2
:10421000006841F20041C4F20001884209D1FFE781
:10422000019840F20031C2F20041086000984860F5
:10423000AAE00198006840F20041C4F201018842FE
:1042400009D1FFE7019840F20831C2F2004108604D
:104250000098486097E00198006841F60001C4F2B8
:104260000001884209D1FFE7019840F29021C2F293
:10427000004108600098486084E00198006841F6B9
:104280000041C4F20001884209D1FFE7019840F2E1
:104290009821C2F2004108600098486071E00198DE
:1042A000006842F20001C4F20001884209D1FFE730
:1042B000019840F2A021C2F20041086000984860D5
:1042C0005EE00198006844F20001C4F201018842F6
:1042D00009D1FFE7019840F2A821C2F2004108602D
:1042E000009848604BE00198006844F20041C4F235
:1042F0000101884209D1FFE7019840F2B021C2F2E2
:10430000004108600098486038E00198006844F671
:104310000001C4F20101884209D1FFE7019840F28F
:10432000B821C2F2004108600098486025E0019879
:1043300000684EF20001C4F20001884209D1FFE793
:10434000019840F2C821C2F200410860009848601C
:1043500012E0019800684EF20041C4F20001884268
:1043600009D1FFE7019840F2D021C2F20041086074
:1043700000984860FFE7FFE7FFE7FFE7FFE7FFE799
:10438000FFE7FFE7FFE7FFE7FFE7FFE7FFE7FFE7FD
:10439000FFE7FFE702B0704781B000900098017816
:1043A000407840EA012000B201B0704700000000F0
:1043B00081B000900098807B01B070470000000041
:1043C00010B58AB0099009980190002008900790D4
:1043D0000690059004900390029002A802F09CF9C8
:1043E00001990298039A049BDDF814C0DDF818E0E7
:1043F000079C4C62C1F820E0C1F81CC08B614A6187
:104400000861BDF8200008850AB010BD000000005A
:1044100082B001908DED000A01990098486302B0C6
:10442000704700000000000082B001908DED000A8E
:1044300001990098C86202B07047000000000000B7
:1044400082B001908DED000A01990098086302B0D6
:10445000704700000000000080B58AB00990089104
:1044600009980590089902F053FB08B9FFE7FFE7A8
:1044700008980068B0F5447F49D1FFE708982830D4
:10448000FFF78AFFADF81E0008982A30FFF784FF77
:10449000ADF81C0008982C30FFF77EFFADF81A002D
:1044A000BDF91E0048F20001CFF6FF71039147F6F7
:1044B000FF720492B9EE000A8DED020AF1EE000AD5
:1044C000CDED010AFFF798FBDDED010A0399049A8F
:1044D0000598B0EE401A9DED020A80ED041ABDF970
:1044E0001C00FFF789FB0399049A059880ED050AE3
:1044F000BDF91A00BAEE000AF2EE000AFFF77CFBE3
:10450000059981ED060A0020C861086200E006E016
:10451000059948680130486001208873FFE70AB0B8
:1045200080BD00000000000080B58AB009900998A5
:104530000490006808B9FFE72DE00498C16A07916C
:10454000016B0891416B059102F006FB014604984E
:10455000ADF818108189ADF81A10006800686A4635
:104560000821029111604FF4487107AA00230393B8
:10457000FFF702F80299039B0498006800686A46F6
:10458000116040F2213105AAFEF7F6FF04998889EF
:1045900001308881FFE70AB080BD00000000000004
:1045A00080B582B00190019900914868896888427D
:1045B00006D1FFE7009800218173FFF701FF03E0B8
:1045C000009901208873FFE700994868886002B06D
:1045D00080BD00000000000080B58AB009900891FD
:1045E00009980290089800684AF20001C4F200019C
:1045F000884207D1FFE7029940F28810C2F20040DA
:10460000086025E0089800684AF20041C4F2000101
:10461000884207D1FFE7029940F2E810C2F2004059
:10462000086014E0089800684DF20041C4F20001EF
:10463000884207D1FFE7029940F24820C2F20040C9
:10464000086003E0029900200860FFE7FFE7FFE74A
:104650000298FFF7B5FE00200190079006900590A4
:104660000490039003A802F06BF801980299039A52
:10467000049BDDF814C0DDF818E0C1F838E0C1F89B
:1046800034C00B63CA62BDF81C208A87486088600A
:10469000888188730AB080BD80B582B0019001988E
:1046A0000090002101604160816081818173103040
:1046B00002F032F800982C3002F042F8009802B074
:1046C00080BD00000000000081B00090009890EDD7
:1046D000120A01B07047000081B00090009890ED80
:1046E000130A01B07047000081B00090009890ED6F
:1046F000100A01B07047000081B00090009890F857
:104700005E0001B07047000084B0039002910192F6
:10471000039800900298008C0199098C88424FD12F
:10472000FFE70298408C0199498C884248D1FFE705
:104730000298C08C0199C98C884241D1FFE7029848
:10474000808C0199898C88423AD1FFE70298008CCD
:104750000199098C884233D1FFE70298008D0199B5
:10476000098D88422CD1FFE70298408D0199498D2F
:10477000884225D1FFE7009890F8DD1090F8E1001D
:1047800088421DD1FFE7009890F8DE1090F8E20013
:10479000884215D1FFE7009890F8DF1090F8E30009
:1047A00088420DD1FFE7009890F8E01090F8E400FF
:1047B000884205D1FFE70099002081F8E60004E077
:1047C0000099012081F8E600FFE704B0704700007F
:1047D00081B00090009890F8E50001B070470000AB
:1047E00080B588B006900591ADF81220069800902B
:1047F000BDF81200182804D8FFE700208DF81F002C
:104800003FE04FF0FF3003900020ADF80A00FFE7D3
:10481000BDF80A001930BDF8121088421CD8FFE715
:104820000598BDF80A1008440190019800780F28F7
:1048300001D0FFE70AE00198007EFFF759FA08B9B6
:10484000FFE703E0BDF80A000390FFE7BDF80A00A8
:104850000130ADF80A00DBE70398B0F1FF3F04DC5C
:10486000FFE700208DF81F000BE000980C30059941
:10487000039A11441922EBF729FE01208DF81F003D
:10488000FFE79DF81F0008B080BD00000000000099
:1048900080B586B005900598039000208DF8130030
:1048A000FFE79DF813000F2814D8FFE703980C309A
:1048B0009DF81310FFF7F8F903999DF8132001EB09
:1048C0004201A1F86000FFE79DF8130001308DF868
:1048D0001300E6E7039890F8231000F140020292DB
:1048E00080F8841090F8841001F00101002918BFAD
:1048F00040F2FF71A0F8801090F8841001F00201DE
:10490000002918BF40F2FF71A0F8821090F88410BF
:10491000C1F3800180F8851090F88410C1F3C001C4
:1049200080F88610012102F073F901460398B7EE72
:10493000000A8DED010A02F09FF9039880ED100A3C
:10494000022102F065F99DED010A0146039802F08B
:1049500093F9039880ED110A042102F059F99DEDB5
:10496000010A0146039802F087F9039880ED120AC4
:10497000032102F04DF99DED010A0146039802F072
:104980007BF9039880ED130A052102F041F99DEDB2
:10499000010A0146039802F06FF9039880ED140AAA
:1049A000062102F035F99DED010A0146039802F057
:1049B00063F9039880ED150A016C8165072102F007
:1049C00027F90146039890F8E12002F07DF90146AD
:1049D000039880F8DD10082102F01AF901460398C7
:1049E00090F8E22002F070F90146039880F8DE109A
:1049F000092102F00DF90146039890F8E32002F036
:104A000097F90146039880F8DF100A2102F000F9B7
:104A10000146039890F8E42002F056F90146039805
:104A200080F8E01090F8DD10013918BF062180F8F9
:104A30005C1090F8DE10013918BF062180F85D1077
:104A400000F15E0190F8DF2090F8E33000F0FCF810
:104A50000398029A90F8E010013918BF062180F8F7
:104A60005F1000F18801FFF74FFE06B080BD000027
:104A700080B584B00390039801900021029180F8E2
:104A800024100162C161816141610161C16080F8EE
:104A90003D10C0F83910C0F83510C0F83110C0F81A
:104AA0002D10C0F82910C0F8251040304821009181
:104AB000EBF783FD009901988830EBF77EFD0199B3
:104AC0000298012281F8DD2081F8DE2081F8DF20C4
:104AD00081F8E02081F8E12081F8E22081F8E320EC
:104AE00081F8E42081F85C0081F85D0081F85E00C7
:104AF00081F85F0081F8A40081F8A50081F8A60084
:104B000081F8A70081F8DC0004B080BD000000003F
:104B100080B582B001900198009040304821EBF7B9
:104B20004CFD0099012081F8DD0081F8DE0081F85C
:104B3000DF0081F8E000002081F85C0081F85D0072
:104B400081F85E0081F85F0081F8E60002B080BD68
:104B500080B584B003900291ADF8062003980090D0
:104B60000299BDF80620FFF73BFE38B9FFE7009930
:104B7000B1F8DA000130A1F8DA0061E00098FFF73F
:104B800087FE009890F8850000F00100012806D00B
:104B9000FFE7009890F88600C00748B3FFE7009849
:104BA000012180F8DC10002180F8E510FFF7B0FF4C
:104BB000009800F10C0125301922EBF787FC0098D2
:104BC00000F1400188304822EBF7C5FC009991F8CC
:104BD000DD0081F8E10091F8DE0081F8E20091F853
:104BE000DF0081F8E30091F8E00081F8E40027E0BD
:104BF0000098002180F8DC10D0F8D0100131C0F806
:104C0000D01000F10C0125301922EBF75FFC009861
:104C100000F1400188304822EBF79DFC009991F8A3
:104C2000DD0081F8E10091F8DE0081F8E20091F802
:104C3000DF0081F8E30091F8E00081F8E400FFE78D
:104C400004B080BD0000000087B0069005918DF88B
:104C500013208DF812309DF81200014603910128AF
:104C600008D0FFE70398022820D0FFE70398032825
:104C700038D038E09DF8130001460291012808D091
:104C8000FFE70298022808D0FFE70298032808D01F
:104C90000BE005990020087007E0059904200870D2
:104CA00003E0059901200870FFE739E09DF8130043
:104CB00001460191012808D0FFE70198022808D099
:104CC000FFE70198032808D00BE00599022008703F
:104CD00007E005990620087003E005990520087093
:104CE000FFE71DE0FFE79DF8130001460091012852
:104CF00008D0FFE70098022808D0FFE700980328B3
:104D000008D008E005990220087008E00599042001
:104D1000087004E0FFE7059903200870FFE7FFE74C
:104D200007B070470000000082B001900198009029
:104D300090F8DC00C00728B1FFE70099002081F857
:104D4000E50017E00099D1F8D000D1F8D4108842DE
:104D50000AD1FFE70099002081F8E500B1F8D800FA
:104D60000130A1F8D80004E00099012081F8E500A5
:104D7000FFE7FFE70099D1F8D000C1F8D40002B0F6
:104D8000704700000000000080B584B003900291DD
:104D9000039801900298006841F20001C4F20101F9
:104DA000884207D1FFE7019940F22040C2F200405B
:104DB000086054E00298006844F20041C4F2000127
:104DC000884207D1FFE7019940F23050C2F200401B
:104DD000086043E00298006844F60001C4F2000154
:104DE000884207D1FFE7019940F24060C2F20040DB
:104DF000086032E00298006844F60041C4F2000105
:104E0000884207D1FFE7019940F25070C2F200409A
:104E1000086021E00298006845F20001C4F2000138
:104E2000884207D1FFE7019940F66000C2F20040D6
:104E3000086010E00298006841F20041C4F20101EC
:104E4000884207D1FFE7019940F67010C2F2004096
:104E50000860FFE7FFE7FFE7FFE7FFE7FFE70198ED
:104E60000021C4F2784141604CF20001C4F24C418F
:104E70008160FFF7FDFD04B080BD00000000000070
:104E800081B0009000980021016048F20002C4F255
:104E9000BB4242600022C4F2FA328260C0F8D010F5
:104EA000C0F8D410A0F8D810A0F8DA1080F8DC1000
:104EB000012280F8DD2080F8DE2080F8DF2080F8F5
:104EC000E02080F8E12080F8E22080F8E32080F8FC
:104ED000E42080F8E51080F8E61001B0704700008B
:104EE00082B001908DED000A01990098886102B0AE
:104EF000704700000000000082B001908DED000AB4
:104F000001990098C86002B07047000000000000DE
:104F100080B582B0019001980090007988BBFFE7CE
:104F2000009890ED031A90ED060AB4EE410AF1EEF6
:104F300010FA0BDBFFE7009890ED021A90ED030AE0
:104F4000B4EE410AF1EE10FA16DAFFE7009890EDA0
:104F5000031A90ED060AB4EE410AF1EE10FA0FDCE6
:104F6000FFE7009890ED021A90ED030AB4EE410AB3
:104F7000F1EE10FA04DCFFE70099C8680860FFE76B
:104F8000FFE7009890ED020AB5EE400AF1EE10FA44
:104F90005ADDFFE7009890ED021A90ED060AB4EE94
:104FA000410AF1EE10FA21DDFFE7009890ED020AC8
:104FB00090ED061A30EE410AFFF7A2F8009890ED46
:104FC000041AB4EE410AF1EE10FA0ADDFFE7009888
:104FD00090ED000A90ED041A30EE010A80ED000A0F
:104FE00003E0009988690860FFE72CE0009890EDE5
:104FF000021A90ED060AB4EE410AF1EE10FA21DA37
:10500000FFE7009890ED020A90ED061A30EE410A93
:10501000FFF776F8009890ED051AB4EE410AF1EE2C
:1050200010FA0ADDFFE7009890ED000A90ED051AEE
:1050300030EE410A80ED000A03E0009988690860BB
:10504000FFE7FFE7FFE7BDE0009890ED020AB5EE4D
:10505000400AF1EE10FA5ADAFFE7009890ED021AD2
:1050600090ED060AB4EE410AF1EE10FA21DAFFE7FC
:10507000009890ED020A90ED061A30EE410AFFF713
:105080003FF8009890ED041AB4EE410AF1EE10FAE0
:105090000ADDFFE7009890ED000A90ED041A30EE6B
:1050A000410A80ED000A03E0009988690860FFE783
:1050B0002CE0009890ED021A90ED060AB4EE410A39
:1050C000F1EE10FA21DDFFE7009890ED020A90ED75
:1050D000061A30EE410AFFF713F8009890ED051A12
:1050E000B4EE410AF1EE10FA0ADDFFE7009890ED08
:1050F000000A90ED051A30EE010A80ED000A03E087
:10510000009988690860FFE7FFE7FFE759E000982A
:1051100090ED021A90ED060AB4EE410AF1EE10FA93
:1051200021DDFFE7009890ED020A90ED061A30EEBF
:10513000410AFEF7E5FF009890ED041AB4EE410A2B
:10514000F1EE10FA0ADDFFE7009890ED000A90ED0D
:10515000041A30EE010A80ED000A03E00099886924
:105160000860FFE72CE0009890ED021A90ED060A27
:10517000B4EE410AF1EE10FA21DAFFE7009890ED63
:10518000020A90ED061A30EE410AFEF7B9FF0098C8
:1051900090ED041AB4EE410AF1EE10FA0ADDFFE7D1
:1051A000009890ED000A90ED041A30EE410A80ED6F
:1051B000000A03E0009988690860FFE7FFE7FFE75E
:1051C000FFE7FFE700990868886002B080BD000033
:1051D00085B002AA009202460098049280ED010A6E
:1051E000C0ED000A8DF80710049903980861029831
:1051F00048619DF80700087105B070470000000085
:1052000081B0009000980021016001718160C1604F
:1052100001614161816101B0704700000000000040
:1052200080B588B0079007980590006808B9FFE737
:105230003EE00598006806900698B0F80500002149
:1052400001914FF6FF720292BAEE000A8DED040A48
:10525000F2EE000ACDED030AFEF7CEFC0199029AA8
:10526000DDED030A059BB0EE401A9DED040A11EE38
:10527000100AC3F809000698B0F80700FEF7BCFC56
:105280000199029ADDED030A059BB0EE401A9DEDEF
:10529000040A11EE100AC3F80D000698B0F80900D0
:1052A000FEF7AAFC059910EE100AC1F81100FFE7FD
:1052B00008B080BD0000000080B582B00190009170
:1052C0000198816901318161FFF7AAFF02B080BDB9
:1052D00081B000900098D0F8110000EE100A01B0E3
:1052E000704700000000000081B00090009890F826
:1052F000200001B07047000081B000900098D0F805
:10530000090000EE100A01B0704700000000000024
:1053100081B000900098D0F80D0000EE100A01B0A6
:10532000704700000000000082B0019001990091D8
:105330008869C969884205D1FFE70099002081F892
:10534000200004E00099012081F82000FFE7009987
:105350008869C86102B0704782B0019000910199DC
:105360000098086002B0704781B00090009800215A
:105370008161C16180F8201001B070470000000019
:1053800080B598B0179017980E9000F06DF90E98B0
:1053900090F86506022806D0FFE70E9890F865069B
:1053A000032829D1FFE70E9800F5C8600C90FFF79D
:1053B000A3FF0C988DED160AFFF7AAFF0C988DED50
:1053C000150AFFF785FF0E988DED140A00F594700D
:1053D0000D90012100F04CFC0D989DED160A00F097
:1053E0002FFC0D989DED150A00F036FC0D989DEDF3
:1053F000140A00F059FB23E10E9890F86506012885
:1054000040F01D81FFE70E9890F86406002840F0F8
:105410001681FFE70E98002110910F91FFF75CF9BC
:10542000FEF76EFE0E9800F5CD6090ED001AB4EE1A
:10543000410AF1EE10FA06DDFFE70E98FFF74CF98E
:105440008DED0B0A04E09FED7F0A8DED0B0AFFE75F
:105450000E989DED0B0A8DED130AFFF735F9FEF757
:105460004FFE0E9800F5CD6090ED001AB4EE410AA3
:10547000F1EE10FA0CDDFFE70E98FFF725F9B0EE1C
:10548000401A9FED710A30EE410A8DED0A0A04E0E0
:105490009FED6C0A8DED0A0AFFE70E989DED0A0A52
:1054A0008DED120AFFF720F9FEF72AFE0E9800F59F
:1054B000CD6090ED001AB4EE410AF1EE10FA0CDD69
:1054C000FFE70E98FFF710F9B0EE401A9FED5E0A65
:1054D00030EE410A8DED090A04E09FED5A0A8DED88
:1054E000090AFFE79DED090A8DED110A9DED130AEA
:1054F0008DED010A9DED120A20EE001ABEEE002A83
:105500008DED032AB7EE000A8DED040A01EE020AC2
:1055100001F03EFC0E98B0EE401A9DED010A20EE1F
:10552000010A8DED020A00F59470069000F0E0FA91
:105530009DED021A9DED032AB0EE403A9DED040A5E
:1055400021EE031A8DED101A9DED121A8DED051A3C
:105550009DED131A21EE011A01EE020A01F018FC6A
:105560000698B0EE401A9DED050A20EE010A8DED79
:10557000070A00F0C9FA0698B0EE401A9DED070A36
:1055800020EE010A8DED0F0A9DED110A8DED080A3E
:1055900000F082F90E98B0EE401A9DED080A20EE58
:1055A000010A42F24C21C2F2004181ED000A91ED64
:1055B000001A42F24821C2F2004191ED000A30EE99
:1055C000010A81ED000AFFF797F838B9FFE70E9856
:1055D00000F59470002100F04BFB2FE00E98FFF7D0
:1055E0008BF8062807D1FFE70E9800F5947000218C
:1055F00000F03EFB21E00E98FFF77EF803281BD158
:10560000FFE70E9800F594700090012100F030FB48
:1056100000989DED100A00F013FB00989DED0F0A15
:1056200000F01AFB009842F24C21C2F2004191EDC9
:10563000000A00F039FAFFE7FFE7FFE7FFE7FFE7BF
:1056400018B080BD000000000000008000000000D5
:1056500080B582B001900198009000F005F80098A4
:10566000FFF78EFE02B080BD80B582B00190019838
:10567000009000F035F80098FFF73EF858B1FFE7CA
:105680000098FFF7A5F8012805D1FFE70099012050
:1056900081F8650621E00098FFF72EF860B9FFE772
:1056A0000098E830FEF784FE012805D1FFE7009955
:1056B000022081F865060FE00098FFF71DF828B971
:1056C000FFE70099032081F8650604E000990020B7
:1056D00081F86506FFE7FFE7FFE702B080BD000045
:1056E00081B000900099002081F8640601B07047F5
:1056F00080B582B00190019800F59470012100F00E
:10570000C3FB02B080BD000080B582B0019001985B
:105710000090FFF709FB009800F5947000F004FC7E
:1057200002B080BD0000000080B582B001900198F9
:10573000E830FEF735FF02B080BD00000000000039
:1057400080B586B0059005980490FFF741F8C8B978
:10575000FFE7049800F594700290002100F088FAA9
:1057600002989FED1C0A8DED030A00F069FA029879
:105770009DED030A00F070FA02989DED030A00F017
:1057800093F924E00498FEF7B7FF00BBFFE7049805
:1057900000F5C860FFF7A8FDC8B9FFE7049800F559
:1057A00094700090002100F063FA00989FED090AC0
:1057B0008DED010A00F044FA00989DED010A00F019
:1057C0004BFA00989DED010A00F06EF9FFE706B074
:1057D00080BD00BF0000000080B584B003908DED57
:1057E000020A0398019043F21071C2F20041FFF7E0
:1057F000CBFA0198E83042F69461C2F20041FEF71C
:10580000EBFE019800F5C86041F2D411C2F20041EC
:10581000FFF7A2FD019800F59470F3EE000AB1EED7
:10582000081AB0EE600A00F097FB01990298C1F8DF
:10583000680604B080BD000080B582B00190019878
:105840000090FFF71DFB0098E830FEF725FF009859
:1058500000F5947000F05CFC009800F5C860FFF75C
:1058600083FD0098022180F86416002180F86516F7
:10587000012180F8661602B080BD00000000000023
:1058800081B00090009800F59E6090ED000A01B094
:10589000704700000000000081B00090009800F503
:1058A000976090ED000A01B0704700000000000012
:1058B00082B001908DED000A01990098C1F8F004C2
:1058C00002B070470000000080B58AB009900998C6
:1058D000049090F8D8040146059120B1FFE705989F
:1058E000012823D04AE000200890FFE7089802280A
:1058F0001BDCFFE7049800F5A272029208984FF4AF
:105900009271039100FB0120012100F0ADFD029A8C
:105910000399089800FB01209FED250A00F0B0FDD7
:10592000FFE7089801300890E0E728E000200790A2
:10593000FFE70798022820DCFFE7049800F5A27231
:10594000009207984FF49271019100FB0120012110
:1059500000F08AFD009B01980499079A02FB003031
:1059600001EB820101F2CC4191ED000A00F088FDCB
:10597000FFE7079801300790DBE700E0FFE7002032
:105980000690FFE7069802280FDCFFE7049A0698C6
:105990004FF4927100FB012000F5A27000F08CFD25
:1059A000FFE7069801300690ECE70AB080BD00BF23
:1059B000000000000000000080B58AB0099009983E
:1059C00001900020089007900690059004900390A5
:1059D0000290FFE70298022817DCFFE7019A02987D
:1059E0004FF4927100FB012000F5A27000F0CCFC96
:1059F000B1EE400A029903A800EB810080ED000A95
:105A0000FFE7029801300290E4E701989DED041A47
:105A10009DED050A30EE410A9FED201A20EE010AA5
:105A20009FED1F1A20EE010AB1EE082A80EE020A4D
:105A30008DED080A9DED034A9DED040A9DED053AA2
:105A4000B8EE005A94EE450A30EE430A20EE010A01
:105A500080EE020A8DED070A9DED030A9DED043AE2
:105A60009DED052A30EE030A30EE020A20EE010A0F
:105A70009FED0C1A80EE010A8DED060A9DED080AD5
:105A800000F0C6F801989DED070A00F0CDF80198E6
:105A90009DED060AFFF70CFF0AB080BDD7B3DD3FCE
:105AA000CDCCCC3D8FC2F53F82B001908DED000A88
:105AB00001990098C1F8E40402B0704700000000AA
:105AC00081B00090009800F59D6090ED000A01B053
:105AD000704700000000000081B00090009800F2C4
:105AE000EC4090ED000A01B070470000000000009B
:105AF00081B00090009800F5966090ED000A01B02A
:105B0000704700000000000081B00090009800F293
:105B1000B44090ED000A01B07047000000000000A2
:105B200080B588B007900798049090F8D804014693
:105B3000059120B1FFE70598012821D060E0002001
:105B40000690FFE70698022819DCFFE70498543016
:105B50009FED2D0A8DED030A00F00EFE04989DEDD9
:105B6000030AA43000F008FE04989DED030AF43007
:105B700000F002FEFFE7069801300690E2E740E001
:105B8000049901F15400009001F2DC4191ED000A0A
:105B900000F0E6FD0098049901F59D6191ED000A81
:105BA00000F092FF009800F0F3FD049901F1A400C9
:105BB000019001F59C6191ED000A00F0D1FD019882
:105BC000049901F2EC4191ED000A00F07DFF01988B
:105BD00000F0DEFD049901F1F400029001F2E441CD
:105BE00091ED000A00F0BCFD0499029801F59E6158
:105BF00091ED000A00F068FF029800F0C9FD00E096
:105C0000FFE708B080BD00BF0000000000000000FA
:105C100082B001908DED000A01990098C1F8E80466
:105C200002B070470000000082B001908DED000AC4
:105C300001990098C1F8EC0402B070470000000020
:105C400082B001908DED000A01990098C1F8DC0442
:105C500002B070470000000082B001908DED000A94
:105C600001990098C1F8E00402B0704700000000FC
:105C700082B001908DF8031001999DF8030081F81E
:105C8000D80402B07047000080B590B00F900F9814
:105C90000490002105910E910D910C91543000F06B
:105CA0000BFF04988DED0E0AA43000F005FF049858
:105CB0008DED0D0AF43000F0FFFE05988DED0C0A15
:105CC0000B900A9009900890FFE70898022841DCA1
:105CD000FFE79DED080AB8EEC00A30EE000A9FED1E
:105CE000681A20EE010AB0EE081A80EE010A8DED66
:105CF000070A9DED0E0A8DED020A9DED070A01F0DF
:105D000007F98DED010A9DED0D0A8DED030A9DED5C
:105D1000070A01F0B5F89DED012A9DED021AB0EEDB
:105D2000403A9DED030A20EE030AA1EE420A9DEDE2
:105D30000C1A9FED542A81EE021A30EE010A0899DE
:105D400009A800EB810080ED000AFFE70898013008
:105D50000890BAE700200690FFE70698022800F3B3
:105D60008B80FFE70498069909AA02EB810292ED65
:105D7000000A9FED421A20EE010AB6EE001A20EE4C
:105D8000010A00F2CC4000EB810181ED000A069986
:105D900000EB810090ED000AFEF7B2F9049800F2E2
:105DA000045090ED001AB4EE410AF1EE10FA08DA50
:105DB000FFE70498069900EB81010020C1F8CC04AC
:105DC00055E00498069900EB810000F2CC4090ED7C
:105DD000000AFEF795F9049800F5A16090ED001A0D
:105DE000B4EE410AF1EE10FA40DAFFE704980699A2
:105DF00000EB810000F2CC4090ED000AB5EE400AC5
:105E0000F1EE10FA11DDFFE70498069900EB81002E
:105E100000F20C5191ED001A00F2CC4090ED000A16
:105E200030EE010A80ED000A1FE00498069900EBAD
:105E3000810000F2CC4090ED000AB5EE400AF1EE90
:105E400010FA11DAFFE70498069900EB810000F2DE
:105E50000C5191ED001A00F2CC4090ED000A30EEAA
:105E6000410A80ED000AFFE7FFE7FFE7FFE7FFE7F2
:105E700006980130069070E710B080BDCDCCCCBD47
:105E8000DA0F49408FC2753F80B586B005908DF816
:105E900013100598039000F59D6191ED000AFFF73E
:105EA0002BF80398FFF734F8039800F2DC4191EDEA
:105EB000000AFFF715F8039901F11C00019001F2A7
:105EC000EC4191ED000AFFF717F80198FFF720F871
:105ED0000198039901F59C6191ED000AFFF700F824
:105EE000039901F13800029001F59E6191ED000ADD
:105EF000FFF702F80298FFF70BF80298039901F2F6
:105F0000E44191ED000AFEF7EBFF0398FFF754FD23
:105F10000398FFF705FE0398FFF7B6FE0398FFF717
:105F2000D3FC06B080BD000080B582B0019001981E
:105F3000009000F5A27000F0EFFA009800F51A70DA
:105F400000F0EAFA009800F5637000F0E5FA02B09C
:105F500080BD00000000000080B594B013908DED6E
:105F6000120ACDED110A8DED101A13980A901299AC
:105F7000C0F8B0141199C0F8B4141099C0F8B8144E
:105F80009FED5A0A8DED020ADFED590ACDED030AA5
:105F900000210B91FFF71CF99DED020ADDED030ACC
:105FA0000A980B991C30FFF713F90A980B993830AF
:105FB000DFED500ACDED060AB0EE600AFFF708F9F2
:105FC0000A980B9954309FED4C0A8DED040A9FED11
:105FD0004B2A8DED052ADFED4A2ACDED072A9FEDEC
:105FE000493A8DED083A9FED485A8DED095AF0EE89
:105FF000450AB0EE451AF0EE451AF0EE453AB0EE1D
:10600000454AF0EE454A00F01BFD9DED040A9DED6A
:10601000052ADDED072A9DED083A9DED095A0A98FB
:106020000B99A430F0EE450AB0EE451AF0EE451A91
:10603000F0EE453AB0EE454AF0EE454A00F000FD7C
:106040009DED062ADDED072A9DED083A9DED095AE2
:106050000A980B99F430B0EE620AF0EE450AB0EE01
:10606000451AF0EE451AF0EE453AB0EE454AF0EE2C
:10607000454A00F0E5FC0A980B9900F5A2706A46C3
:10608000116042F6F451C2F200410C910122032347
:106090000D939FED1E0A8DED0E0AF3EE040ACDED71
:1060A0000F0A00F06DFA0A980B9A0C990D9B9DED62
:1060B0000E0ADDED0F0A00F51A70EC46CCF8002050
:1060C000022200F05DFA0A980B9A0C990D9B9DED47
:1060D0000E0ADDED0F0A00F56370EC46CCF80020E7
:1060E0001A4600F04DFA14B080BD00BFA69BC43B19
:1060F000A69B443C0AD7233C0000F042EC51383EBA
:10610000000048426F12033B000000002CA09941A0
:1061100080B58AB00890089805900990FFF770F84C
:1061200005981C30FFF76CF805983830FFF768F8D1
:106130000598543000F0D4FC0598A43000F0D0FC51
:106140000598F43000F0CCFC059901F5A27001F53A
:10615000966106910790FFE70798049000F090FA87
:106160000498069A00F59271084691420790F3D17F
:10617000FFE705994FF08D40C1F8BC040020C1F83D
:10618000C00401F2C44001F2CC4102910390FFE748
:106190000399029A002041F8040B084691420390AB
:1061A000F6D1FFE705990020C1F8CC0401F59A600B
:1061B00001F59B6100910190FFE70199009A002091
:1061C00041F8040B084691420190F6D1FFE705998A
:1061D000002081F8D804C1F8DC04C1F8E004C1F85B
:1061E000E404C1F8E804C1F8EC04C1F8F004C1F813
:1061F000F404C1F8F804C1F8FC04C1F8000549F63C
:106200009A10C3F61960C1F804054CF6CD40C3F6E8
:106210004C60C1F808054CF6CD40C3F6CC50C1F82F
:106220000C05C1F81005C1F8140509980AB080BD25
:1062300080B586B0059005980190D0F8A0002C306C
:106240000290029804A9FDF72BFE029802300DF18E
:106250000E01FDF725FE0298043003A9FDF720FE8C
:106260000199BDF81000D1F8F820801AADF812009D
:10627000BDF91200B1F8C8104A42C1EBD271B0EBBF
:10628000610F07DAFFE70199D1F800010130C1F889
:10629000000110E00199BDF91200B1F8C810B0EB8F
:1062A000510F07DDFFE70199D1F800010138C1F86E
:1062B0000001FFE7FFE70198D0F80011B0F8C8200F
:1062C000BDF8103001FB0231C0F8FC1090ED2B1A24
:1062D00090ED3F0AB8EEC00AB0F8C81002EE101AEE
:1062E000B8EE422A80EE020A30EE000A9FED232A21
:1062F00020EE020A80EE010A80ED390ABDF90E1087
:1063000000EE101AB8EEC00A9FED1D1A20EE010A29
:1063100090ED2B1A80EE010A80ED3A0ABDF90C10BF
:1063200000EE101AB8EEC00A90ED331A80EE010AA2
:1063300080ED3B0A0299897900EE101AB8EEC00A86
:106340009FED101A30EE010A80ED3C0A90ED2E0A06
:10635000D0ED2F0A90ED301AD0ED311A90ED3B2A96
:10636000D0ED3A2AFDF76CF9019981ED3D0ABDF8AF
:106370001000C1F8F80006B080BD00BFDB0F494037
:106380005077D63D3393884381B00090009890EDCC
:106390003A0A01B07047000080B586B005900598B4
:1063A000039090F8080101460491012808D0FFE706
:1063B0000498032805D0FFE7049804281DD04AE07C
:1063C0004EE0039901F15000029091ED440A91EDE5
:1063D000461A30EE010A00F0C3F90298039991EDD4
:1063E0003A0A00F071FB029800F0D2F9029800F02E
:1063F00063FB039880ED450A32E0039890ED430A71
:1064000000F0AEF9039890ED390A00F05DFB0398B7
:1064100000F0BEF9039800F04FFB039981ED440AA8
:1064200001F15000019091ED440A91ED461A30EED1
:10643000010A00F095F90198039991ED3A0A00F0EC
:1064400043FB019800F0A4F9019800F035FB039894
:1064500080ED450A04E003990020C1F81401FFE72C
:1064600006B080BD0000000082B001908DF80310DE
:1064700001999DF8030081F8080102B070470000FF
:1064800082B001908DED000A01990098C1F81401C5
:1064900002B070470000000080B582B0019000910A
:1064A0000198D0F8D4100131C0F8D410FFF7C0FE25
:1064B00002B080BD0000000080B584B00390039856
:1064C0000190FFF769FF019890ED450A90ED471A9A
:1064D00030EE010A8DED020AD0ED2D0AB1EE600A10
:1064E00002A8FDF71DF801989DED020A90ED331A00
:1064F00020EE010A80ED370A00F0AAF8019890F822
:10650000B00038B9FFE701990020C1F81C01C1F8BB
:106510001801FFE704B080BD80B584B003900399F3
:106520000291D1F8D400D1F8D810884219D1FFE7F0
:1065300002980021019180F8E010012180F80811F3
:106540009FED0E0A8DED000A00F016F99DED000A90
:106550000298503000F010F902990198C1F8140126
:1065600004E00299012081F8E000FFE70299D1F8E8
:10657000D400C1F8D80004B080BD00BF0000000006
:1065800080B588B084460A98CDF81CC006918DF875
:1065900017208DF816308DED040A8DF80F00CDED23
:1065A000020A07980190069800684AF20001C4F2B6
:1065B0000001884208D1FFE7019940F28810C2F239
:1065C0000040C1F8A00023E0069800684AF20041AC
:1065D000C4F20001884208D1FFE7019940F2E810B7
:1065E000C2F20040C1F8A00011E0069800684DF228
:1065F0000041C4F20001884208D1FFE7019940F24E
:106600004820C2F20040C1F8A000FFE7FFE7FFE723
:1066100001999DF8170081F8A4009DF8160081F8F3
:1066200008019DF80F0081F8B0000498C1F8AC0093
:106630000298C1F8B40006989DF817100022FDF7E3
:106640002BF80199C1F8A80008B080BD0000000037
:1066500081B00090009991ED370ABDEEC00A10EEAE
:10666000100A000AD1F8A820107091ED370ABDEE8B
:10667000C00A10EE100AD1F8A810487001B0704797
:1066800080B582B001900198009000F029FA00983E
:10669000503000F025FA00984AF28771C3F69761EE
:1066A000C0F8B8100021C0F8BC1048F6AC32C3F6F0
:1066B0001B62C0F8C02045F6FB42C3F6AD72C0F8BD
:1066C000C4204FF40052A0F8C8204CF6CD42C4F2CA
:1066D0004C42C0F8CC200022C4F2A012C0F8D02056
:1066E000C0F8D410C0F8D810C0F8DC1080F8E01062
:1066F000042280F80821C0F80C11C0F81011C0F86D
:106700001411C0F81811C0F81C114FF07E51C0F8D8
:10671000201102B080BD000081B0009000980021DF
:10672000016041608160C1600161017541758175E1
:10673000C1750176417601B070470000000000008D
:1067400081B0009000980021016041608160017378
:1067500041738173C1730174417401B070470000CB
:1067600082B001908DED000A01990098486402B052
:10677000704700000000000082B001908DED000A1B
:1067800001990098C86402B0704700000000000042
:1067900080B58AB00990099801900021089107916D
:1067A0000691059190ED110A90ED121A30EE410A12
:1067B0008DED040A9DED040AFDF7A2FC01988DED14
:1067C000030A9DED030A90ED011AB4EE410AF1EEC1
:1067D00010FA07DAFFE70199886C486400200490FA
:1067E0000390FFE7019890ED080A9DED041A20EE52
:1067F000010A8DED080A90ED0E0AB5EE400AF1EEA1
:1068000010FA0DD1FFE7019890ED0F0AB5EE400A9E
:10681000F1EE10FA04D1FFE74FF07E50029049E00C
:1068200001989DED030A90ED0F1AB4EE410AF1EEC6
:1068300010FA04DCFFE74FF07E50029039E0019837
:1068400090ED0F0A9DED031AB4EE410AF1EE10FA35
:106850001FDAFFE701989DED030A90ED0E1A90ED07
:106860000F2A31EE021AB4EE410AF1EE10FA10DAF4
:10687000FFE7019890ED0E1A90ED0F0A31EE000A35
:106880009DED032A30EE420A80EE010A8DED020AE8
:106890000EE001989DED030A90ED0F1AB4EE410A47
:1068A000F1EE10FA03DBFFE700200290FFE7FFE7BD
:1068B000FFE7FFE7019890ED0C0AB5EE400AF1EE14
:1068C00010FA10D0FFE7019901F14C0091ED092A6F
:1068D00091ED0C1AB1EE410A80EE020AC1EE020AF5
:1068E000FCF71EFEFFE7019890ED100AB5EE400A96
:1068F000F1EE10FA18D1FFE701989DED021A90ED24
:10690000002A90ED130A21EE021A9DED042AA1EE51
:10691000020A80ED130A90ED090A90ED131A20EE99
:10692000010A8DED070A28E001989DED030A90ED1C
:10693000101AB4EE410AF1EE10FA18DAFFE70198E6
:106940009DED021A90ED002A90ED130A21EE021A35
:106950009DED042AA1EE020A80ED130A90ED090ACA
:1069600090ED131A20EE010A8DED070A04E001995B
:106970000020C8640790FFE7FFE70198007A90B90C
:10698000FFE7019890ED001A90ED063A90ED0A0AA3
:106990009DED042A32EE432A20EE020A80EE010A1F
:1069A0008DED060A11E0019890ED001A90ED053A80
:1069B00090ED072A90ED0A0A32EE432A20EE020AF1
:1069C00080EE010A8DED060AFFE7019890ED042A9A
:1069D00090ED0B1A90ED110A30EE420A20EE010AFA
:1069E0008DED050A9DED080A9DED071A30EE010AAE
:1069F0009DED061A30EE010A9DED051A30EE010AF2
:106A000080ED070A90ED0D0AB5EE400AF1EE10FA9E
:106A10000AD0FFE7019901F11C00D1ED0D0AB1EE9A
:106A2000600AFCF77DFDFFE70199886CC860486C3F
:106A30000861C8694861049888610AB080BD000097
:106A40008EB002AA0092024600980D9280ED0A0ACA
:106A5000C0ED090A80ED081AC0ED071A80ED062A7C
:106A6000C0ED052A80ED043AC0ED033A80ED024AFC
:106A7000C0ED014A80ED005A8DF807100D990C9871
:106A800008620B9848620A9888620998C862089858
:106A9000086307984863069808600598486004985A
:106AA00088630398C863029808649DF80700087219
:106AB0000EB070470000000081B00090009890ED8B
:106AC000070A01B07047000082B001908DED000A06
:106AD00001990098886402B070470000000000002F
:106AE00081B0009000980021C16001614161816125
:106AF000C161016241628162C1620163416381637C
:106B0000C163016441648164C16401B070470000E5
:106B100083B001900091009820B9FFE700208DF824
:106B20000B0014E00098406820B1FFE700208DF8CA
:106B30000B000CE00098C068082804D0FFE7002094
:106B40008DF80B0003E001208DF80B00FFE79DF8A6
:106B50000B0003B07047000082B001900198002143
:106B6000ADF8021090F83830BDF8021041F0010283
:106B7000002B18BF1146ADF8021090F83920002AFA
:106B800018BF0122BDF8021041EA4201ADF802101F
:106B900090F83A20002A18BF0122BDF8021041EAFD
:106BA0008201ADF8021090F83B20002A18BF0122A4
:106BB000BDF8021041EAC201ADF8021090F83C2085
:106BC000002A18BF0122BDF8021041EA0211ADF8F7
:106BD000021090F83D10002918BF0121BDF80200F5
:106BE00040EA4110ADF80200BDF8020002B0704763
:106BF00082B00190ADF80210BDF802100020B1F58E
:106C0000006F38BF012002B0704700000000000094
:106C100080B584B002908DF80710029800909DF81E
:106C2000070028B1FFE79DF80700132805D3FFE709
:106C30004FF47870ADF80E0018E000989DF807103A
:106C400000EB4101B1F85E10ADF80410BDF804107E
:106C5000FFF7CEFF28B9FFE74FF47870ADF80E00CC
:106C600004E0BDF80400ADF80E00FFE7BDF80E002B
:106C700004B080BD0000000080B584B00390ADF882
:106C80000A108DED010A0398BDF80A1000EE101AE3
:106C9000B8EE400A90ED012A90ED021A30EE420A59
:106CA00080EE010A8DED000A6846BFEE000AF7EE9D
:106CB000000AFCF735FC9DED000A9DED011A20EE5F
:106CC000010A04B080BD000080B584B00290ADF828
:106CD00006108DF805200298BDF80610FFF788FF12
:106CE00028B9FFE79DF805008DF80F0019E0BDF801
:106CF000060040F21451884204D3FFE702208DF8C9
:106D00000F000EE0BDF80600B0F52F7F04D8FFE7B6
:106D100001208DF80F0004E09DF805008DF80F00AC
:106D2000FFE79DF80F0004B080BD000000000000E8
:106D300080B584B00290ADF806108DF80520029859
:106D4000BDF80610FFF754FF28B9FFE79DF80500CE
:106D50008DF80F0018E0BDF8060040F2145188428B
:106D600004D3FFE702208DF80F000DE0BDF8060008
:106D7000B0F52F7F04D8FFE701208DF80F0003E066
:106D800003208DF80F00FFE79DF80F0004B080BDD1
:106D900080B582B08DED010A9DED010A00F026F963
:106DA00002B080BD0000000081B0ADF80200BDF966
:106DB000020000280ED4FFE7BDF9021001F01F0207
:106DC000012090404A094EF20011CEF2000141F834
:106DD0002200FFE701B070474EF60C50CEF20000E3
:106DE0000068C0F30220704782B0ADF80600009141
:106DF000BDF9060000280AD4FFE700980001BDF99C
:106E000006104EF20042CEF2000288540BE00098C9
:106E10000001BDF8061001F00F014EF61452CEF23B
:106E200000028854FFE702B0704700000000000035
:106E300083B00290029800F0070000904EF60C51CB
:106E4000CEF200010868019001984FF6FF02104051
:106E500001900198009A40EA02200022C0F2FA5202
:106E6000104301900198086003B0704700000000D3
:106E700080B542F25020C2F20040FEF7DDFC80BD3A
:106E80009FED201AB5EE002A00EE012A9FED1E1A92
:106E9000BDEEC20AB5EEC02AF1EE10FA10EE100AED
:106EA000B8BF013800EE100A0020B8EEC00A32EE7A
:106EB000400A9FED162A20EE010ABDEEC01A11EE1F
:106EC000101A30EE021AB0EB512F18BF002102EE5B
:106ED000101A47F2DC0000FE010AC0F60100B8EE0D
:106EE000422A00EB810090ED011A30EE420AB7EE23
:106EF000002A32EE402A20EE010A90ED001A02EE3E
:106F0000010A704783F9223E00000044000000C4DB
:106F10009FED1F1A20EE010A9FED1F2ABDEEC01A39
:106F2000B5EEC00AF1EE10FA11EE100AB8BF013842
:106F300001EE100A0020B8EEC11A30EE410A9FEDB2
:106F4000151A20EE010ABDEEC01A11EE101A30EE2D
:106F5000021AB0EB512F18BF002102EE101A47F2AF
:106F6000DC0000FE010AC0F60100B8EE422A00EB88
:106F7000810090ED011A30EE420AB7EE002A32EE9F
:106F8000402A20EE010A90ED001A02EE010A704735
:106F900083F9223E00000044000000C4000000000D
:106FA00080B582B000200190EFF7D2F9F6F748FBE8
:106FB000F5F70EFCF5F700FBF5F7AAFDF5F74CFB2E
:106FC000F5F712FDF5F7BCFCF5F782FBF5F7C0FB12
:106FD000F5F7E2FDF5F778FEF5F72EFEF5F754FD2F
:106FE000F5F7BAFEF7F72CF9FFE7FEE710B52DED40
:106FF000028BB1EEC08A18EE100A20F00040C0F1FA
:10700000FF40C00F0AD010EE100A20F00040C0F17F
:10701000FF40C00F04BF0120E9F715FBB0EE480A9E
:10702000BDEC028B10BDF1EE100A4FF6FF71C0F2FD
:10703000C03120EA010040F04070E1EE100A7047D4
:107040000000000000000000000000000000000040
:10705000000000000100000002000000030000002A
:107060000400000000000000050000000000000017
:10707000000000000000000006000000000000000A
:1070800000000000000000000700000000000000F9
:1070900001020304010203040607080900010203B8
:1070A00004050607080C10141820304000061016BE
:1070B0000006101608040204080101010101010381
:1070C00007010000010002000400060008000A0099
:1070D0000C001000200040008000000100000000B3
:1070E000920E493CB10AC93C2BC3163D2EFB483DCC
:1070F000752B7B3D04A9963D80B6AF3D36BDC83D9E
:107100002FBCE13D73B2FA3D87CF093E8340163E66
:10711000B5AB223EA2102F3ECF6E3B3EC2C5473ECE
:107120000115543E135C603E7F9A6C3ECCCF783E96
:10713000C07D823E938E883E229A8E3E32A0943E3F
:1071400086A09A3EE59AA03E128FA63ED47CAC3E25
:10715000EF63B23E2A44B83E491DBE3E15EFC33E22
:1071600053B9C93ECA7BCF3E4136D53E80E8DA3EB0
:107170004F92E03E7533E63EBBCBEB3EEA5AF13E22
:10718000CBE0F63E275DFC3EE4E7003F3D9C033F3D
:10719000824B063F9BF5083F6B9A0B3FDA390E3F57
:1071A000CDD3103F2A68133FD9F6153FC07F183F53
:1071B000C6021B3FD17F1D3FCBF61F3F9967223F81
:1071C00025D2243F5636273F1594293F4AEB2B3FC3
:1071D000DE3B2E3FBB85303FC9C8323FF304353F0D
:1071E000233A373F4268393F3B8F3B3FF9AE3D3F43
:1071F00067C73F3F70D8413F01E2433F03E4453F4B
:1072000065DE473F12D1493FF8BB4B3F029F4D3FE0
:10721000207A4F3F3D4D513F4918533F31DB543F9A
:10722000E595563F5348583F6AF2593F1A945B3FE1
:10723000532D5D3F05BE5E3F2146603F97C5613FD0
:107240005A3C633F59AA643F880F663FD86B673F3B
:107250003CBF683FA7096A3F0C4B6B3F5E836C3FA6
:1072600093B26D3F9ED86E3F73F56F3F0809713F33
:107270005213723F4714733FDD0B743F0BFA743F98
:10728000C6DE753F07BA763FC58B773FF853783F28
:107290009812793F9DC7793F02737A3FBE147B3FB6
:1072A000CDAC7B3F283B7C3FC9BF7C3FAC3A7D3FA8
:1072B000CCAB7D3F23137E3FB0707E3F6DC47E3FDD
:1072C000580E7F3F6D4E7F3FAB847F3F0FB17F3FB6
:1072D00097D37F3F43EC7F3F11FB7F3F0000803F10
:1072E00011FB7F3F43EC7F3F97D37F3F0FB17F3F41
:1072F000AB847F3F6D4E7F3F580E7F3F6DC47E3F16
:10730000B0707E3F23137E3FCCAB7D3FAC3A7D3FD8
:10731000C9BF7C3F283B7C3FCDAC7B3FBE147B3F4D
:1073200002737A3F9DC7793F9812793FF853783FAF
:10733000C58B773F07BA763FC6DE753F0BFA743FC1
:10734000DD0B743F4714733F5213723F0809713FBE
:1073500073F56F3F9ED86E3F93B26D3F5E836C3F77
:107360000C4B6B3FA7096A3F3CBF683FD86B673F38
:10737000880F663F59AA643F5A3C633F97C5613FF7
:107380002146603F05BE5E3F532D5D3F1A945B3F33
:107390006AF2593F5348583FE595563F31DB543F19
:1073A0004918533F3D4D513F207A4F3F029F4D3F7B
:1073B000F8BB4B3F12D1493F65DE473F03E4453FF1
:1073C00001E2433F70D8413F67C73F3FF9AE3D3FC1
:1073D0003B8F3B3F4268393F233A373FF304353F09
:1073E000C9C8323FBB85303FDE3B2E3F4AEB2B3FC7
:1073F0001594293F5636273F25D2243F9967223FCF
:10740000CBF61F3FD17F1D3FC6021B3FC07F183FF9
:10741000D9F6153F2A68133FCDD3103FDA390E3F16
:107420006B9A0B3F9BF5083F824B063F3D9C033F09
:10743000E4E7003F275DFC3ECBE0F63EEA5AF13E32
:10744000BBCBEB3E7533E63E4F92E03E80E8DA3E42
:107450004136D53ECA7BCF3E53B9C93E15EFC33E38
:10746000491DBE3E2A44B83EEF63B23ED47CAC3EDA
:10747000128FA63EE59AA03E86A09A3E32A0943E88
:10748000229A8E3E938E883EC07D823ECCCF783E3F
:107490007F9A6C3E135C603E0115543EC2C5473E68
:1074A000CF6E3B3EA2102F3EB5AB223E8340163E30
:1074B00087CF093E73B2FA3D2FBCE13D36BDC83DD2
:1074C00080B6AF3D04A9963D752B7B3D2EFB483D14
:1074D0002BC3163DB10AC93C920E493C0000000086
:1074E000920E49BCB10AC9BC2BC316BD2EFB48BDC8
:1074F000752B7BBD04A996BD80B6AFBD36BDC8BD9A
:107500002FBCE1BD73B2FABD87CF09BE834016BE62
:10751000B5AB22BEA2102FBECF6E3BBEC2C547BECA
:10752000011554BE135C60BE7F9A6CBECCCF78BE92
:10753000C07D82BE938E88BE229A8EBE32A094BE3B
:1075400086A09ABEE59AA0BE128FA6BED47CACBE21
:10755000EF63B2BE2A44B8BE491DBEBE15EFC3BE1E
:1075600053B9C9BECA7BCFBE4136D5BE80E8DABEAC
:107570004F92E0BE7533E6BEBBCBEBBEEA5AF1BE1E
:10758000CBE0F6BE275DFCBEE4E700BF3D9C03BF39
:10759000824B06BF9BF508BF6B9A0BBFDA390EBF53
:1075A000CDD310BF2A6813BFD9F615BFC07F18BF4F
:1075B000C6021BBFD17F1DBFCBF61FBF996722BF7D
:1075C00025D224BF563627BF159429BF4AEB2BBFBF
:1075D000DE3B2EBFBB8530BFC9C832BFF30435BF09
:1075E000233A37BF426839BF3B8F3BBFF9AE3DBF3F
:1075F00067C73FBF70D841BF01E243BF03E445BF47
:1076000065DE47BF12D149BFF8BB4BBF029F4DBFDC
:10761000207A4FBF3D4D51BF491853BF31DB54BF96
:10762000E59556BF534858BF6AF259BF1A945BBFDD
:10763000532D5DBF05BE5EBF214660BF97C561BFCC
:107640005A3C63BF59AA64BF880F66BFD86B67BF37
:107650003CBF68BFA7096ABF0C4B6BBF5E836CBFA2
:1076600093B26DBF9ED86EBF73F56FBF080971BF2F
:10767000521372BF471473BFDD0B74BF0BFA74BF94
:10768000C6DE75BF07BA76BFC58B77BFF85378BF24
:10769000981279BF9DC779BF02737ABFBE147BBFB2
:1076A000CDAC7BBF283B7CBFC9BF7CBFAC3A7DBFA4
:1076B000CCAB7DBF23137EBFB0707EBF6DC47EBFD9
:1076C000580E7FBF6D4E7FBFAB847FBF0FB17FBFB2
:1076D00097D37FBF43EC7FBF11FB7FBF000080BF0C
:1076E00011FB7FBF43EC7FBF97D37FBF0FB17FBF3D
:1076F000AB847FBF6D4E7FBF580E7FBF6DC47EBF12
:10770000B0707EBF23137EBFCCAB7DBFAC3A7DBFD4
:10771000C9BF7CBF283B7CBFCDAC7BBFBE147BBF49
:1077200002737ABF9DC779BF981279BFF85378BFAB
:10773000C58B77BF07BA76BFC6DE75BF0BFA74BFBD
:10774000DD0B74BF471473BF521372BF080971BFBA
:1077500073F56FBF9ED86EBF93B26DBF5E836CBF73
:107760000C4B6BBFA7096ABF3CBF68BFD86B67BF34
:10777000880F66BF59AA64BF5A3C63BF97C561BFF3
:10778000214660BF05BE5EBF532D5DBF1A945BBF2F
:107790006AF259BF534858BFE59556BF31DB54BF15
:1077A000491853BF3D4D51BF207A4FBF029F4DBF77
:1077B000F8BB4BBF12D149BF65DE47BF03E445BFED
:1077C00001E243BF70D841BF67C73FBFF9AE3DBFBD
:1077D0003B8F3BBF426839BF233A37BFF30435BF05
:1077E000C9C832BFBB8530BFDE3B2EBF4AEB2BBFC3
:1077F000159429BF563627BF25D224BF996722BFCB
:10780000CBF61FBFD17F1DBFC6021BBFC07F18BFF5
:10781000D9F615BF2A6813BFCDD310BFDA390EBF12
:107820006B9A0BBF9BF508BF824B06BF3D9C03BF05
:10783000E4E700BF275DFCBECBE0F6BEEA5AF1BE2E
:10784000BBCBEBBE7533E6BE4F92E0BE80E8DABE3E
:107850004136D5BECA7BCFBE53B9C9BE15EFC3BE34
:10786000491DBEBE2A44B8BEEF63B2BED47CACBED6
:10787000128FA6BEE59AA0BE86A09ABE32A094BE84
:10788000229A8EBE938E88BEC07D82BECCCF78BE3B
:107890007F9A6CBE135C60BE011554BEC2C547BE64
:1078A000CF6E3BBEA2102FBEB5AB22BE834016BE2C
:1078B00087CF09BE73B2FABD2FBCE1BD36BDC8BDCE
:1078C00080B6AFBD04A996BD752B7BBD2EFB48BD10
:1078D0002BC316BDB10AC9BC920E49BC0000008082
:1078E00043444320496E7465726661636500434496
:1078F0004320436F6E6669670053544D6963726F2E
:10790000656C656374726F6E6963730053544D33B5
:1079100032205669727475616C20436F6D506F72BE
:1079200074000000487901080000002400010000F4
:1079300030030008487A010800010024B05A000012
:1079400050030008F5B9FFFF82810100890A010890
:10795000F90A0108190B0108410B0108910B0108F4
:10796000390A0108A90A0108000000000090D003AC
:107970000090D00371FD0008A1FA0008D1000108B1
:107980000000000091FB000839F9000831FA0008F6
:1079900000000000000000000000000091FC000852
:1079A00021FC000801FD000809FC00080902430051
:1079B000020100C032090400000102020100052496
:1079C0000010010524010001042402020524060020
:1079D000010705820308001009040100020A0000E3
:1079E0000007050102400000070581024000000079
:1079F0000A0600020000004001000000120100021F
:107A0000020200408304405700020102030100000B
:107A10004107000839070008D9060008790700085F
:107A2000C9070008040309041A030000000000004D
:107A30000000000000000000000000000000000046
:087A400000000100100000002D
:04000005080002CD20
:00000001FF
